1/3/2009 0:00,0.000285
1/6/2009 0:00,0
1/9/2009 0:00,0.000215
1/12/2009 0:00,0.000232236
1/15/2009 0:00,0.000241748
1/18/2009 0:00,0.00021595
1/21/2009 0:00,0.00022754
1/24/2009 0:00,0.000225719
1/27/2009 0:00,0.000242524
1/30/2009 0:00,0.000227587
2/2/2009 0:00,0.000215835
2/5/2009 0:00,0.000215719
2/8/2009 0:00,0.00021753
2/11/2009 0:00,0.000225198
2/14/2009 0:00,0.000215865
2/17/2009 0:00,0.000245119
2/20/2009 0:00,0.000230453
2/23/2009 0:00,0.000215944
2/26/2009 0:00,0.000215979
3/1/2009 0:00,0.000223943
3/4/2009 0:00,0.000215717
3/7/2009 0:00,0.000215973
3/10/2009 0:00,0.00021581
3/13/2009 0:00,0.000229281
3/16/2009 0:00,0.000258369
3/19/2009 0:00,0.000229713
3/22/2009 0:00,0.000229989
3/25/2009 0:00,0.000215793
3/28/2009 0:00,0.000236227
3/31/2009 0:00,0.000248611
4/3/2009 0:00,0.000215956
4/6/2009 0:00,0.000233583
4/9/2009 0:00,0.000215889
4/12/2009 0:00,0.000215922
4/15/2009 0:00,0.000215732
4/18/2009 0:00,0.000220918
4/21/2009 0:00,0.000282984
4/24/2009 0:00,0.000215841
4/27/2009 0:00,0.000215933
4/30/2009 0:00,0.000233545
5/3/2009 0:00,0.000230939
5/6/2009 0:00,0.00022462
5/9/2009 0:00,0.000215582
5/12/2009 0:00,0.000215945
5/15/2009 0:00,0.00021907
5/18/2009 0:00,0.000215935
5/21/2009 0:00,0.000215933
5/24/2009 0:00,0.000215896
5/27/2009 0:00,0.000215704
5/30/2009 0:00,0.00021568
6/2/2009 0:00,0.000215899
6/5/2009 0:00,0.000215895
6/8/2009 0:00,0.000215819
6/11/2009 0:00,0.000215946
6/14/2009 0:00,0.000215729
6/17/2009 0:00,0.000215571
6/20/2009 0:00,0.000215738
6/23/2009 0:00,0.00021575
6/26/2009 0:00,0.000241764
6/29/2009 0:00,0.000215789
7/2/2009 0:00,0.000215708
7/5/2009 0:00,0.00021595
7/8/2009 0:00,0.000215949
7/11/2009 0:00,0.000215952
7/14/2009 0:00,0.000215944
7/17/2009 0:00,0.000215769
7/20/2009 0:00,0.00021584
7/23/2009 0:00,0.000215561
7/26/2009 0:00,0.000215615
7/29/2009 0:00,0.00021575
8/1/2009 0:00,0.000215696
8/4/2009 0:00,0.000215586
8/7/2009 0:00,0.000215946
8/10/2009 0:00,0.000216
8/13/2009 0:00,0.000215679
8/16/2009 0:00,0.00021548
8/19/2009 0:00,0.000215467
8/22/2009 0:00,0.000215
8/25/2009 0:00,0.000215527
8/28/2009 0:00,0.000215703
8/31/2009 0:00,0.000223574
9/3/2009 0:00,0.000243333
9/6/2009 0:00,0.000215819
9/9/2009 0:00,0.000215793
9/12/2009 0:00,0.000215817
9/15/2009 0:00,0.000215857
9/18/2009 0:00,0.000215778
9/21/2009 0:00,0.000215959
9/24/2009 0:00,0.000215573
9/27/2009 0:00,0.000236798
9/30/2009 0:00,0.000215816
10/3/2009 0:00,0.000215448
10/6/2009 0:00,0.000261268
10/9/2009 0:00,0.000215603
10/12/2009 0:00,0.000354823
10/15/2009 0:00,0.000215341
10/18/2009 0:00,0.000228859
10/21/2009 0:00,0.000355663
10/24/2009 0:00,0.00021552
10/27/2009 0:00,0.000244939
10/30/2009 0:00,0.00027423
11/2/2009 0:00,0.000215273
11/5/2009 0:00,0.000292922
11/8/2009 0:00,0.000215571
11/11/2009 0:00,0.000323072
11/14/2009 0:00,0.000215639
11/17/2009 0:00,0.000215681
11/20/2009 0:00,0.000351951
11/23/2009 0:00,0.000215875
11/26/2009 0:00,0.000215526
11/29/2009 0:00,0.000215638
12/2/2009 0:00,0.000415265
12/5/2009 0:00,0.000215212
12/8/2009 0:00,0.000245244
12/11/2009 0:00,0.000215384
12/14/2009 0:00,0.000570648
12/17/2009 0:00,0.000224106
12/20/2009 0:00,0.000215949
12/23/2009 0:00,0.000215639
12/26/2009 0:00,0.000215711
12/29/2009 0:00,0.000215659
1/1/2010 0:00,0.00021558
1/4/2010 0:00,0.000266563
1/7/2010 0:00,0.00021561
1/10/2010 0:00,0.000215812
1/13/2010 0:00,0.000218589
1/16/2010 0:00,0.000220209
1/19/2010 0:00,0.000217261
1/22/2010 0:00,0.000219247
1/25/2010 0:00,0.000252695
1/28/2010 0:00,0.000240705
1/31/2010 0:00,0.000233286
2/3/2010 0:00,0.000228741
2/6/2010 0:00,0.000227524
2/9/2010 0:00,0.000218225
2/12/2010 0:00,0.000269882
2/15/2010 0:00,0.000258908
2/18/2010 0:00,0.000240913
2/21/2010 0:00,0.000233893
2/24/2010 0:00,0.000281721
2/27/2010 0:00,0.000223416
3/2/2010 0:00,0.000248005
3/5/2010 0:00,0.000465874
3/8/2010 0:00,0.00037011
3/11/2010 0:00,0.000288479
3/14/2010 0:00,0.000227016
3/17/2010 0:00,0.000259171
3/20/2010 0:00,0.000267534
3/23/2010 0:00,0.000258741
3/26/2010 0:00,0.000250985
3/29/2010 0:00,0.000261818
4/1/2010 0:00,0.000233593
4/4/2010 0:00,0.000249277
4/7/2010 0:00,0.000282715
4/10/2010 0:00,0.000431446
4/13/2010 0:00,0.000265055
4/16/2010 0:00,0.000319238
4/19/2010 0:00,0.002816005
4/22/2010 0:00,0.000317887
4/25/2010 0:00,0.000315059
4/28/2010 0:00,0.000326983
5/1/2010 0:00,0.000268153
5/4/2010 0:00,0.000323738
5/7/2010 0:00,0.000458847
5/10/2010 0:00,0.000312314
5/13/2010 0:00,0.000374138
5/16/2010 0:00,0.000291063
5/19/2010 0:00,0.000373019
5/22/2010 0:00,0.000308698
5/25/2010 0:00,0.000305553
5/28/2010 0:00,0.000280804
5/31/2010 0:00,0.000287461
6/3/2010 0:00,0.000393376
6/6/2010 0:00,0.00033043
6/9/2010 0:00,0.000298321
6/12/2010 0:00,0.000416628
6/15/2010 0:00,0.000383658
6/18/2010 0:00,0.000287412
6/21/2010 0:00,0.000372204
6/24/2010 0:00,0.000355912
6/27/2010 0:00,0.00032573
6/30/2010 0:00,0.000648353
7/3/2010 0:00,0.000621565
7/6/2010 0:00,0.00033469
7/9/2010 0:00,0.000318921
7/12/2010 0:00,0.000900082
7/15/2010 0:00,0.001015356
7/18/2010 0:00,0.000713721
7/21/2010 0:00,0.000661322
7/24/2010 0:00,0.000559157
7/27/2010 0:00,0.001366543
7/30/2010 0:00,0.000736846
8/2/2010 0:00,0.000431839
8/5/2010 0:00,0.000886631
8/8/2010 0:00,0.000486911
8/11/2010 0:00,0.000535078
8/14/2010 0:00,0.000436226
8/17/2010 0:00,0.000958649
8/20/2010 0:00,0.000648695
8/23/2010 0:00,0.000494843
8/26/2010 0:00,0.000499178
8/29/2010 0:00,0.000494443
9/1/2010 0:00,0.00083229
9/4/2010 0:00,0.000443659
9/7/2010 0:00,0.000515358
9/10/2010 0:00,0.000625491
9/13/2010 0:00,0.000844921
9/16/2010 0:00,0.000549053
9/19/2010 0:00,0.00048389
9/22/2010 0:00,0.00154337
9/25/2010 0:00,0.000634817
9/28/2010 0:00,0.000835134
10/1/2010 0:00,0.001072064
10/4/2010 0:00,0.000898461
10/7/2010 0:00,0.000686948
10/10/2010 0:00,0.000703767
10/13/2010 0:00,0.000674828
10/16/2010 0:00,0.000595481
10/19/2010 0:00,0.001261868
10/22/2010 0:00,0.00102232
10/25/2010 0:00,0.000634438
10/28/2010 0:00,0.000710953
10/31/2010 0:00,0.00047794
11/3/2010 0:00,0.000476269
11/6/2010 0:00,0.000612703
11/9/2010 0:00,0.000556113
11/12/2010 0:00,0.00043883
11/15/2010 0:00,0.003144914
11/18/2010 0:00,0.000455175
11/21/2010 0:00,0.017593067
11/24/2010 0:00,0.00363227
11/27/2010 0:00,0.000929432
11/30/2010 0:00,0.00066301
12/3/2010 0:00,0.000684089
12/6/2010 0:00,0.000493663
12/9/2010 0:00,0.000626132
12/12/2010 0:00,0.000924764
12/15/2010 0:00,0.000963866
12/18/2010 0:00,0.00107957
12/21/2010 0:00,0.000893447
12/24/2010 0:00,0.001113513
12/27/2010 0:00,0.000952745
12/30/2010 0:00,0.001118775
1/2/2011 0:00,0.000984078
1/5/2011 0:00,0.002231953
1/8/2011 0:00,0.001965672
1/11/2011 0:00,0.00229008
1/14/2011 0:00,0.00218896
1/17/2011 0:00,0.001364775
1/20/2011 0:00,0.001469583
1/23/2011 0:00,0.002296582
1/26/2011 0:00,0.001470985
1/29/2011 0:00,0.002932687
2/1/2011 0:00,0.002226726
2/4/2011 0:00,0.001526105
2/7/2011 0:00,0.001349092
2/10/2011 0:00,0.00338155
2/13/2011 0:00,0.002643328
2/16/2011 0:00,0.002515113
2/19/2011 0:00,0.003435489
2/22/2011 0:00,0.003017519
2/25/2011 0:00,0.002908387
2/28/2011 0:00,0.003519928
3/3/2011 0:00,0.004893989
3/6/2011 0:00,0.002833352
3/9/2011 0:00,0.003910297
3/12/2011 0:00,0.006117628
3/15/2011 0:00,0.008605897
3/18/2011 0:00,0.005898978
3/21/2011 0:00,0.014391884
3/24/2011 0:00,0.004998342
3/27/2011 0:00,0.005636967
3/30/2011 0:00,0.003898391
4/2/2011 0:00,0.003607079
4/5/2011 0:00,0.004062782
4/8/2011 0:00,0.004185122
4/11/2011 0:00,0.004956052
4/14/2011 0:00,0.006307914
4/17/2011 0:00,0.004774567
4/20/2011 0:00,0.009614285
4/23/2011 0:00,0.004876953
4/26/2011 0:00,0.00536057
4/29/2011 0:00,0.006579822
5/2/2011 0:00,0.006320669
5/5/2011 0:00,0.0059795
5/8/2011 0:00,0.005160383
5/11/2011 0:00,0.008118674
5/14/2011 0:00,0.007332004
5/17/2011 0:00,0.007254896
5/20/2011 0:00,0.009060982
5/23/2011 0:00,0.008492036
5/26/2011 0:00,0.009082509
5/29/2011 0:00,0.011163688
6/1/2011 0:00,0.013921691
6/4/2011 0:00,0.017692921
6/7/2011 0:00,0.02198303
6/10/2011 0:00,0.02052081
6/13/2011 0:00,0.021623335
6/16/2011 0:00,0.025051806
6/19/2011 0:00,0.022258443
6/22/2011 0:00,0.016319548
6/25/2011 0:00,0.026792755
6/28/2011 0:00,0.030109268
7/1/2011 0:00,0.022672956
7/4/2011 0:00,0.023876585
7/7/2011 0:00,0.031142647
7/10/2011 0:00,0.026381382
7/13/2011 0:00,0.021298098
7/16/2011 0:00,0.021001654
7/19/2011 0:00,0.02699975
7/22/2011 0:00,0.024754594
7/25/2011 0:00,0.027874471
7/28/2011 0:00,0.022029263
7/31/2011 0:00,0.018922381
8/3/2011 0:00,0.022020409
8/6/2011 0:00,0.025769347
8/9/2011 0:00,0.029167707
8/12/2011 0:00,0.021522146
8/15/2011 0:00,0.026624832
8/18/2011 0:00,0.020741399
8/21/2011 0:00,0.021008621
8/24/2011 0:00,0.024422489
8/27/2011 0:00,0.025984336
8/30/2011 0:00,0.021230716
9/2/2011 0:00,0.017829167
9/5/2011 0:00,0.020788974
9/8/2011 0:00,0.022094104
9/11/2011 0:00,0.020266797
9/14/2011 0:00,0.018358053
9/17/2011 0:00,0.020146293
9/20/2011 0:00,0.027390705
9/23/2011 0:00,0.01931844
9/26/2011 0:00,0.019248949
9/29/2011 0:00,0.017385634
10/2/2011 0:00,0.015756985
10/5/2011 0:00,0.01900192
10/8/2011 0:00,0.018326295
10/11/2011 0:00,0.024279566
10/14/2011 0:00,0.019104308
10/17/2011 0:00,0.02350815
10/20/2011 0:00,0.017868922
10/23/2011 0:00,0.022000095
10/26/2011 0:00,0.020281385
10/29/2011 0:00,0.021702672
11/1/2011 0:00,0.015826993
11/4/2011 0:00,0.018744944
11/7/2011 0:00,0.01736655
11/10/2011 0:00,0.0185822
11/13/2011 0:00,0.013648259
11/16/2011 0:00,0.018451602
11/19/2011 0:00,0.016742899
11/22/2011 0:00,0.017203481
11/25/2011 0:00,0.017192423
11/28/2011 0:00,0.020334952
12/1/2011 0:00,0.018601303
12/4/2011 0:00,0.015659109
12/7/2011 0:00,0.021510707
12/10/2011 0:00,0.015376898
12/13/2011 0:00,0.019533682
12/16/2011 0:00,0.018929145
12/19/2011 0:00,0.016219185
12/22/2011 0:00,0.018194514
12/25/2011 0:00,0.012551069
12/28/2011 0:00,0.01512992
12/31/2011 0:00,0.015430602
1/3/2012 0:00,0.018265056
1/6/2012 0:00,0.021417724
1/9/2012 0:00,0.020686366
1/12/2012 0:00,0.02247206
1/15/2012 0:00,0.020545007
1/18/2012 0:00,0.024339887
1/21/2012 0:00,0.016828972
1/24/2012 0:00,0.022802244
1/27/2012 0:00,0.022589137
1/30/2012 0:00,0.01611853
2/2/2012 0:00,0.019864276
2/5/2012 0:00,0.021651331
2/8/2012 0:00,0.02197403
2/11/2012 0:00,0.025436652
2/14/2012 0:00,0.032755331
2/17/2012 0:00,0.022159655
2/20/2012 0:00,0.018071685
2/23/2012 0:00,0.021287143
2/26/2012 0:00,0.017036605
2/29/2012 0:00,0.016198398
3/3/2012 0:00,0.022417252
3/6/2012 0:00,0.023279182
3/9/2012 0:00,0.017644596
3/12/2012 0:00,0.016077604
3/15/2012 0:00,0.02594586
3/18/2012 0:00,0.016156295
3/21/2012 0:00,0.019311944
3/24/2012 0:00,0.01650964
3/27/2012 0:00,0.019413142
3/30/2012 0:00,0.021658787
4/2/2012 0:00,0.022704354
4/5/2012 0:00,0.029146084
4/8/2012 0:00,0.018195753
4/11/2012 0:00,0.023685895
4/14/2012 0:00,0.026977045
4/17/2012 0:00,0.029377197
4/20/2012 0:00,0.024234884
4/23/2012 0:00,0.022038993
4/26/2012 0:00,0.027405994
4/29/2012 0:00,0.02065641
5/2/2012 0:00,0.02883411
5/5/2012 0:00,0.038109833
5/8/2012 0:00,0.04069122
5/11/2012 0:00,0.051773927
5/14/2012 0:00,0.085169266
5/17/2012 0:00,0.060371873
5/20/2012 0:00,0.100994268
5/23/2012 0:00,0.097839868
5/26/2012 0:00,0.075723481
5/29/2012 0:00,0.10311786
6/1/2012 0:00,0.075019172
6/4/2012 0:00,0.12880147
6/7/2012 0:00,0.107108262
6/10/2012 0:00,0.097300682
6/13/2012 0:00,0.137665877
6/16/2012 0:00,0.139333963
6/19/2012 0:00,0.095865231
6/22/2012 0:00,0.086563908
6/25/2012 0:00,0.076383765
6/28/2012 0:00,0.089696326
7/1/2012 0:00,0.059640899
7/4/2012 0:00,0.061161094
7/7/2012 0:00,0.063557071
7/10/2012 0:00,0.096725543
7/13/2012 0:00,0.065470894
7/16/2012 0:00,0.093288547
7/19/2012 0:00,0.103590119
7/22/2012 0:00,0.087632748
7/25/2012 0:00,0.079164273
7/28/2012 0:00,0.0795506
7/31/2012 0:00,0.115759429
8/3/2012 0:00,0.075759445
8/6/2012 0:00,0.103747418
8/9/2012 0:00,0.085979403
8/12/2012 0:00,0.079742473
8/15/2012 0:00,0.127678702
8/18/2012 0:00,0.111775878
8/21/2012 0:00,0.090250304
8/24/2012 0:00,0.079547641
8/27/2012 0:00,0.088520463
8/30/2012 0:00,0.083127386
9/2/2012 0:00,0.085129542
9/5/2012 0:00,0.098928539
9/8/2012 0:00,0.101257179
9/11/2012 0:00,0.099890734
9/14/2012 0:00,0.09762871
9/17/2012 0:00,0.064871284
9/20/2012 0:00,0.095417218
9/23/2012 0:00,0.074045866
9/26/2012 0:00,0.095432021
9/29/2012 0:00,0.072634363
10/2/2012 0:00,0.097845684
10/5/2012 0:00,0.111420007
10/8/2012 0:00,0.106430614
10/11/2012 0:00,0.09895771
10/14/2012 0:00,0.090032232
10/17/2012 0:00,0.115673277
10/20/2012 0:00,0.098312833
10/23/2012 0:00,0.137138606
10/26/2012 0:00,0.068152373
10/29/2012 0:00,0.064840139
11/1/2012 0:00,0.090159378
11/4/2012 0:00,0.066290975
11/7/2012 0:00,0.109583936
11/10/2012 0:00,0.080664388
11/13/2012 0:00,0.083772404
11/16/2012 0:00,0.12188856
11/19/2012 0:00,0.125830057
11/22/2012 0:00,0.105204156
11/25/2012 0:00,0.11214995
11/28/2012 0:00,0.098805586
12/1/2012 0:00,0.104615325
12/4/2012 0:00,0.116665766
12/7/2012 0:00,0.119741952
12/10/2012 0:00,0.128728528
12/13/2012 0:00,0.13806564
12/16/2012 0:00,0.134223287
12/19/2012 0:00,0.150771552
12/22/2012 0:00,0.150349069
12/25/2012 0:00,0.103873496
12/28/2012 0:00,0.124636875
12/31/2012 0:00,0.093852935
1/3/2013 0:00,0.108698919
1/6/2013 0:00,0.104973641
1/9/2013 0:00,0.153876425
1/12/2013 0:00,0.170703571
1/15/2013 0:00,0.155309157
1/18/2013 0:00,0.192362024
1/21/2013 0:00,0.127365199
1/24/2013 0:00,0.158340561
1/27/2013 0:00,0.15711523
1/30/2013 0:00,0.145844917
2/2/2013 0:00,0.162435901
2/5/2013 0:00,0.137778279
2/8/2013 0:00,0.192904901
2/11/2013 0:00,0.168617396
2/14/2013 0:00,0.152309335
2/17/2013 0:00,0.12625443
2/20/2013 0:00,0.160215006
2/23/2013 0:00,0.171152006
2/26/2013 0:00,0.179643916
3/1/2013 0:00,0.194086127
3/4/2013 0:00,0.169243766
3/7/2013 0:00,0.199694033
3/10/2013 0:00,0.179255541
3/13/2013 0:00,0.174218156
3/16/2013 0:00,0.126131267
3/19/2013 0:00,0.121483599
3/22/2013 0:00,0.131756476
3/25/2013 0:00,0.181866441
3/28/2013 0:00,0.167501721
3/31/2013 0:00,0.186082242
4/3/2013 0:00,0.18314923
4/6/2013 0:00,0.164583077
4/9/2013 0:00,0.172773929
4/12/2013 0:00,0.173693006
4/15/2013 0:00,0.167627681
4/18/2013 0:00,0.150081583
4/21/2013 0:00,0.129583402
4/24/2013 0:00,0.20045084
4/27/2013 0:00,0.148058572
4/30/2013 0:00,0.185538866
5/3/2013 0:00,0.183841367
5/6/2013 0:00,0.160475509
5/9/2013 0:00,0.185624319
5/12/2013 0:00,0.181253989
5/15/2013 0:00,0.212222204
5/18/2013 0:00,0.16672119
5/21/2013 0:00,0.179611758
5/24/2013 0:00,0.162237778
5/27/2013 0:00,0.149877023
5/30/2013 0:00,0.16543245
6/2/2013 0:00,0.12237051
6/5/2013 0:00,0.133270119
6/8/2013 0:00,0.132591577
6/11/2013 0:00,0.130823716
6/14/2013 0:00,0.13088086
6/17/2013 0:00,0.127332474
6/20/2013 0:00,0.155911548
6/23/2013 0:00,0.104246432
6/26/2013 0:00,0.108752624
6/29/2013 0:00,0.116254938
7/2/2013 0:00,0.123954809
7/5/2013 0:00,0.093091373
7/8/2013 0:00,0.092276747
7/11/2013 0:00,0.099152589
7/14/2013 0:00,0.099872755
7/17/2013 0:00,0.106713047
7/20/2013 0:00,0.080689914
7/23/2013 0:00,0.127107793
7/26/2013 0:00,0.110918669
7/29/2013 0:00,0.125856922
8/1/2013 0:00,0.115797081
8/4/2013 0:00,0.122122357
8/7/2013 0:00,0.14338571
8/10/2013 0:00,0.119099839
8/13/2013 0:00,0.145259297
8/16/2013 0:00,0.173488773
8/19/2013 0:00,0.174040607
8/22/2013 0:00,0.129604846
8/25/2013 0:00,0.146141098
8/28/2013 0:00,0.171206701
8/31/2013 0:00,0.109211247
9/3/2013 0:00,0.134384427
9/6/2013 0:00,0.146285326
9/9/2013 0:00,0.126053238
9/12/2013 0:00,0.113085558
9/15/2013 0:00,0.120215246
9/18/2013 0:00,0.190756311
9/21/2013 0:00,0.128372604
9/24/2013 0:00,0.142057886
9/27/2013 0:00,0.131394438
9/30/2013 0:00,0.121073799
10/3/2013 0:00,0.146254111
10/6/2013 0:00,0.105841911
10/9/2013 0:00,0.121559148
10/12/2013 0:00,0.117169036
10/15/2013 0:00,0.107417411
10/18/2013 0:00,0.158385821
10/21/2013 0:00,0.140945711
10/24/2013 0:00,0.16393222
10/27/2013 0:00,0.118722175
10/30/2013 0:00,0.123849643
11/2/2013 0:00,0.101944613
11/5/2013 0:00,0.154718729
11/8/2013 0:00,0.231891489
11/11/2013 0:00,0.13956861
11/14/2013 0:00,0.203595799
11/17/2013 0:00,0.122394658
11/20/2013 0:00,0.238474012
11/23/2013 0:00,0.228781895
11/26/2013 0:00,0.235324006
11/29/2013 0:00,0.225192114
12/2/2013 0:00,0.221588141
12/5/2013 0:00,0.24722486
12/8/2013 0:00,0.136339067
12/11/2013 0:00,0.209576614
12/14/2013 0:00,0.16724517
12/17/2013 0:00,0.188330574
12/20/2013 0:00,0.164014356
12/23/2013 0:00,0.171588113
12/26/2013 0:00,0.155150486
12/29/2013 0:00,0.172609473
1/1/2014 0:00,0.102705585
1/4/2014 0:00,0.186186223
1/7/2014 0:00,0.174207016
1/10/2014 0:00,0.140979891
1/13/2014 0:00,0.135760409
1/16/2014 0:00,0.140422225
1/19/2014 0:00,0.138307223
1/22/2014 0:00,0.174563453
1/25/2014 0:00,0.179262923
1/28/2014 0:00,0.199572633
1/31/2014 0:00,0.169460766
2/3/2014 0:00,0.16870467
2/6/2014 0:00,0.22916482
2/9/2014 0:00,0.195115702
2/12/2014 0:00,0.255354246
2/15/2014 0:00,0.199906156
2/18/2014 0:00,0.235972096
2/21/2014 0:00,0.244390351
2/24/2014 0:00,0.215270214
2/27/2014 0:00,0.216571808
3/2/2014 0:00,0.233452
3/5/2014 0:00,0.288545671
3/8/2014 0:00,0.220051594
3/11/2014 0:00,0.250747905
3/14/2014 0:00,0.282500683
3/17/2014 0:00,0.184388933
3/20/2014 0:00,0.225145719
3/23/2014 0:00,0.152916566
3/26/2014 0:00,0.245195892
3/29/2014 0:00,0.177689491
4/1/2014 0:00,0.209627832
4/4/2014 0:00,0.187797502
4/7/2014 0:00,0.235816212
4/10/2014 0:00,0.235862731
4/13/2014 0:00,0.143146382
4/16/2014 0:00,0.294427812
4/19/2014 0:00,0.197515828
4/22/2014 0:00,0.265447799
4/25/2014 0:00,0.271414665
4/28/2014 0:00,0.214650747
5/1/2014 0:00,0.214350631
5/4/2014 0:00,0.201215625
5/7/2014 0:00,0.241381399
5/10/2014 0:00,0.182742915
5/13/2014 0:00,0.232403835
5/16/2014 0:00,0.216044495
5/19/2014 0:00,0.219323966
5/22/2014 0:00,0.241909449
5/25/2014 0:00,0.219970656
5/28/2014 0:00,0.24059752
5/31/2014 0:00,0.211036934
6/3/2014 0:00,0.225270947
6/6/2014 0:00,0.264822304
6/9/2014 0:00,0.255088941
6/12/2014 0:00,0.239946813
6/15/2014 0:00,0.171566995
6/18/2014 0:00,0.227534682
6/21/2014 0:00,0.165370836
6/24/2014 0:00,0.191532303
6/27/2014 0:00,0.190207417
6/30/2014 0:00,0.300029416
7/3/2014 0:00,0.283173617
7/6/2014 0:00,0.222816221
7/9/2014 0:00,0.276756969
7/12/2014 0:00,0.193943406
7/15/2014 0:00,0.287732275
7/18/2014 0:00,0.237746912
7/21/2014 0:00,0.239163839
7/24/2014 0:00,0.249841356
7/27/2014 0:00,0.199622913
7/30/2014 0:00,0.21952504
8/2/2014 0:00,0.198767325
8/5/2014 0:00,0.322306992
8/8/2014 0:00,0.249542137
8/11/2014 0:00,0.236615379
8/14/2014 0:00,0.2822884
8/17/2014 0:00,0.219334842
8/20/2014 0:00,0.256949234
8/23/2014 0:00,0.213695777
8/26/2014 0:00,0.257294181
8/29/2014 0:00,0.221749994
9/1/2014 0:00,0.25255516
9/4/2014 0:00,0.237355419
9/7/2014 0:00,0.23376525
9/10/2014 0:00,0.36472109
9/13/2014 0:00,0.189734045
9/16/2014 0:00,0.31267168
9/19/2014 0:00,0.242527327
9/22/2014 0:00,0.261350166
9/25/2014 0:00,0.297995644
9/28/2014 0:00,0.318757101
10/1/2014 0:00,0.315643117
10/4/2014 0:00,0.316576161
10/7/2014 0:00,0.303725331
10/10/2014 0:00,0.285102384
10/13/2014 0:00,0.298339556
10/16/2014 0:00,0.286148353
10/19/2014 0:00,0.300912239
10/22/2014 0:00,0.268498339
10/25/2014 0:00,0.279135993
10/28/2014 0:00,0.336881027
10/31/2014 0:00,0.26366209
11/3/2014 0:00,0.315549852
11/6/2014 0:00,0.346701559
11/9/2014 0:00,0.337913964
11/12/2014 0:00,0.381036007
11/15/2014 0:00,0.27871554
11/18/2014 0:00,0.331470567
11/21/2014 0:00,0.389987629
11/24/2014 0:00,0.317402981
11/27/2014 0:00,0.361249557
11/30/2014 0:00,0.323831462
12/3/2014 0:00,0.465200479
12/6/2014 0:00,0.323829883
12/9/2014 0:00,0.36871795
12/12/2014 0:00,0.32064612
12/15/2014 0:00,0.41009149
12/18/2014 0:00,0.45091718
12/21/2014 0:00,0.323268317
12/24/2014 0:00,0.332148166
12/27/2014 0:00,0.284576363
12/30/2014 0:00,0.319688877
1/2/2015 0:00,0.252396094
1/5/2015 0:00,0.320334292
1/8/2015 0:00,0.390525726
1/11/2015 0:00,0.352806986
1/14/2015 0:00,0.417610099
1/17/2015 0:00,0.383941679
1/20/2015 0:00,0.441115075
1/23/2015 0:00,0.379347565
1/26/2015 0:00,0.521926425
1/29/2015 0:00,0.265471429
2/1/2015 0:00,0.264493559
2/4/2015 0:00,0.302390118
2/7/2015 0:00,0.273610872
2/10/2015 0:00,0.36605432
2/13/2015 0:00,0.4819874
2/16/2015 0:00,0.426626386
2/19/2015 0:00,0.322334335
2/22/2015 0:00,0.348821192
2/25/2015 0:00,0.35699675
2/28/2015 0:00,0.413418037
3/3/2015 0:00,0.401849292
3/6/2015 0:00,0.410255791
3/9/2015 0:00,0.435376394
3/12/2015 0:00,0.47540282
3/15/2015 0:00,0.337371551
3/18/2015 0:00,0.396392369
3/21/2015 0:00,0.391215699
3/24/2015 0:00,0.316627228
3/27/2015 0:00,0.326431023
3/30/2015 0:00,0.39651907
4/2/2015 0:00,0.421406177
4/5/2015 0:00,0.360845563
4/8/2015 0:00,0.474054034
4/11/2015 0:00,0.408058934
4/14/2015 0:00,0.402195873
4/17/2015 0:00,0.388211507
4/20/2015 0:00,0.383447554
4/23/2015 0:00,0.401037275
4/26/2015 0:00,0.349890369
4/29/2015 0:00,0.491518984
5/2/2015 0:00,0.373641925
5/5/2015 0:00,0.383178435
5/8/2015 0:00,0.400952264
5/11/2015 0:00,0.396615188
5/14/2015 0:00,0.378734393
5/17/2015 0:00,0.287199098
5/20/2015 0:00,0.420193415
5/23/2015 0:00,0.4104737
5/26/2015 0:00,0.438843163
5/29/2015 0:00,0.41678721
6/1/2015 0:00,0.477130277
6/4/2015 0:00,0.457110176
6/7/2015 0:00,0.327998964
6/10/2015 0:00,0.528337424
6/13/2015 0:00,0.409625772
6/16/2015 0:00,0.540945041
6/19/2015 0:00,0.49172387
6/22/2015 0:00,0.53377027
6/25/2015 0:00,0.354332013
6/28/2015 0:00,0.400125014
7/1/2015 0:00,0.624724262
7/4/2015 0:00,0.405146445
7/7/2015 0:00,0.776713459
7/10/2015 0:00,0.698676224
7/13/2015 0:00,0.757203834
7/16/2015 0:00,0.676685522
7/19/2015 0:00,0.655495252
7/22/2015 0:00,0.527054218
7/25/2015 0:00,0.384165837
7/28/2015 0:00,0.502935669
7/31/2015 0:00,0.78417159
8/3/2015 0:00,0.450644388
8/6/2015 0:00,0.793823314
8/9/2015 0:00,0.372211259
8/12/2015 0:00,0.516044285
8/15/2015 0:00,0.442008418
8/18/2015 0:00,0.4606524
8/21/2015 0:00,0.397583318
8/24/2015 0:00,0.434771732
8/27/2015 0:00,0.396142946
8/30/2015 0:00,0.347467875
9/2/2015 0:00,0.658569805
9/5/2015 0:00,0.482375781
9/8/2015 0:00,0.643196784
9/11/2015 0:00,0.652206179
9/14/2015 0:00,0.700925528
9/17/2015 0:00,0.68880861
9/20/2015 0:00,0.475198642
9/23/2015 0:00,0.50182222
9/26/2015 0:00,0.431923612
9/29/2015 0:00,0.434677214
10/2/2015 0:00,0.547095784
10/5/2015 0:00,0.418199
10/8/2015 0:00,0.695507496
10/11/2015 0:00,0.5901196
10/14/2015 0:00,0.491136553
10/17/2015 0:00,0.654771527
10/20/2015 0:00,0.612539
10/23/2015 0:00,0.520110136
10/26/2015 0:00,0.501171947
10/29/2015 0:00,0.598327014
11/1/2015 0:00,0.535353591
11/4/2015 0:00,0.773893503
11/7/2015 0:00,0.544952945
11/10/2015 0:00,0.55996807
11/13/2015 0:00,0.493198629
11/16/2015 0:00,0.479200733
11/19/2015 0:00,0.589680107
11/22/2015 0:00,0.40130742
11/25/2015 0:00,0.530170851
11/28/2015 0:00,0.612602863
12/1/2015 0:00,0.536199417
12/4/2015 0:00,0.564399178
12/7/2015 0:00,0.649581788
12/10/2015 0:00,0.580618643
12/13/2015 0:00,0.650935067
12/16/2015 0:00,0.67564856
12/19/2015 0:00,0.672177303
12/22/2015 0:00,0.780452348
12/25/2015 0:00,0.652635067
12/28/2015 0:00,0.585629143
12/31/2015 0:00,0.579926861
1/3/2016 0:00,0.525739651
1/6/2016 0:00,0.684647463
1/9/2016 0:00,0.60692917
1/12/2016 0:00,0.588822898
1/15/2016 0:00,0.780627439
1/18/2016 0:00,0.665721046
1/21/2016 0:00,0.840713619
1/24/2016 0:00,0.596757952
1/27/2016 0:00,0.727886461
1/30/2016 0:00,0.64198009
2/2/2016 0:00,0.824635927
2/5/2016 0:00,0.635658183
2/8/2016 0:00,0.753973497
2/11/2016 0:00,0.637685135
2/14/2016 0:00,0.566719694
2/17/2016 0:00,0.835124043
2/20/2016 0:00,0.744355949
2/23/2016 0:00,0.895629081
2/26/2016 0:00,0.75447926
2/29/2016 0:00,0.901957363
3/3/2016 0:00,0.918519173
3/6/2016 0:00,0.661320676
3/9/2016 0:00,0.718331939
3/12/2016 0:00,0.6003884
3/15/2016 0:00,0.69142302
3/18/2016 0:00,0.735858464
3/21/2016 0:00,0.78425923
3/24/2016 0:00,0.680533735
3/27/2016 0:00,0.613853647
3/30/2016 0:00,0.807927736
4/2/2016 0:00,0.825543713
4/5/2016 0:00,0.779196678
4/8/2016 0:00,0.735470766
4/11/2016 0:00,0.74997251
4/14/2016 0:00,0.745873739
4/17/2016 0:00,0.652977209
4/20/2016 0:00,0.696925885
4/23/2016 0:00,0.65466134
4/26/2016 0:00,0.813179689
4/29/2016 0:00,0.812847462
5/2/2016 0:00,0.751085471
5/5/2016 0:00,0.706327083
5/8/2016 0:00,0.584654595
5/11/2016 0:00,0.813015774
5/14/2016 0:00,0.812342931
5/17/2016 0:00,0.867932745
5/20/2016 0:00,0.781658289
5/23/2016 0:00,0.644258265
5/26/2016 0:00,0.823084058
5/29/2016 0:00,0.680078299
6/1/2016 0:00,0.840414424
6/4/2016 0:00,0.840556008
6/7/2016 0:00,0.802703761
6/10/2016 0:00,0.822652542
6/13/2016 0:00,0.915602752
6/16/2016 0:00,0.957703718
6/19/2016 0:00,0.723107565
6/22/2016 0:00,0.945643806
6/25/2016 0:00,0.797439386
6/28/2016 0:00,0.761583013
7/1/2016 0:00,0.751746796
7/4/2016 0:00,0.739326497
7/7/2016 0:00,0.822317428
7/10/2016 0:00,0.585813686
7/13/2016 0:00,0.818662354
7/16/2016 0:00,0.688478471
7/19/2016 0:00,0.860789297
7/22/2016 0:00,0.863989124
7/25/2016 0:00,0.910662182
7/28/2016 0:00,0.876140796
7/31/2016 0:00,0.794571935
8/3/2016 0:00,0.793517857
8/6/2016 0:00,0.617506611
8/9/2016 0:00,0.881475904
8/12/2016 0:00,0.805274221
8/15/2016 0:00,0.809769733
8/18/2016 0:00,0.798859013
8/21/2016 0:00,0.614909926
8/24/2016 0:00,0.757869536
8/27/2016 0:00,0.686902597
8/30/2016 0:00,0.784125576
9/2/2016 0:00,0.72665085
9/5/2016 0:00,0.880298857
9/8/2016 0:00,0.814107188
9/11/2016 0:00,0.591717
9/14/2016 0:00,0.764206872
9/17/2016 0:00,0.754383939
9/20/2016 0:00,0.785474477
9/23/2016 0:00,0.805261051
9/26/2016 0:00,0.770834412
9/29/2016 0:00,0.832816378
10/2/2016 0:00,0.718532163
10/5/2016 0:00,0.788912036
10/8/2016 0:00,0.761241775
10/11/2016 0:00,0.923088669
10/14/2016 0:00,0.858694691
10/17/2016 0:00,0.929673328
10/20/2016 0:00,0.977431687
10/23/2016 0:00,0.792336896
10/26/2016 0:00,0.974569446
10/29/2016 0:00,0.773039705
11/1/2016 0:00,0.85705166
11/4/2016 0:00,0.956108198
11/7/2016 0:00,0.886718801
11/10/2016 0:00,0.804537113
11/13/2016 0:00,0.773230049
11/16/2016 0:00,0.79125161
11/19/2016 0:00,0.852874092
11/22/2016 0:00,0.958884813
11/25/2016 0:00,0.942782921
11/28/2016 0:00,0.909111366
12/1/2016 0:00,0.899509288
12/4/2016 0:00,0.856999169
12/7/2016 0:00,0.88484412
12/10/2016 0:00,0.89848172
12/13/2016 0:00,0.814901382
12/16/2016 0:00,0.966616797
12/19/2016 0:00,0.915327776
12/22/2016 0:00,0.919836195
12/25/2016 0:00,0.647507084
12/28/2016 0:00,0.868480195
12/31/2016 0:00,0.803915554
1/3/2017 0:00,0.906573518
1/6/2017 0:00,0.984330584
1/9/2017 0:00,0.923003162
1/12/2017 0:00,0.802814324
1/15/2017 0:00,0.677067659
1/18/2017 0:00,0.894532338
1/21/2017 0:00,0.693088834
1/24/2017 0:00,0.973657705
1/27/2017 0:00,0.837679806
1/30/2017 0:00,0.955701966
2/2/2017 0:00,0.913956592
2/5/2017 0:00,0.957944604
2/8/2017 0:00,0.961128719
2/11/2017 0:00,0.963661302
2/14/2017 0:00,0.884733266
2/17/2017 0:00,0.969075199
2/20/2017 0:00,0.951329385
2/23/2017 0:00,0.96071238
2/26/2017 0:00,0.921750854
3/1/2017 0:00,0.979145951
3/4/2017 0:00,0.986085269
3/7/2017 0:00,0.974861771
3/10/2017 0:00,0.991821346
3/13/2017 0:00,0.98287231
3/16/2017 0:00,0.988260131
3/19/2017 0:00,0.889713331
3/22/2017 0:00,0.982302839
3/25/2017 0:00,0.939924932
3/28/2017 0:00,0.985683723
3/31/2017 0:00,0.96052783
4/3/2017 0:00,0.878287341
4/6/2017 0:00,0.977744884
4/9/2017 0:00,0.925461893
4/12/2017 0:00,0.982567296
4/15/2017 0:00,0.991744397
4/18/2017 0:00,0.955539788
4/21/2017 0:00,0.975939323
4/24/2017 0:00,0.963089903
4/27/2017 0:00,0.96761798
4/30/2017 0:00,0.971893517
5/3/2017 0:00,0.995290871
5/6/2017 0:00,0.964933173
5/9/2017 0:00,0.987786523
5/12/2017 0:00,0.954580519
5/15/2017 0:00,0.970711982
5/18/2017 0:00,0.974609493
5/21/2017 0:00,0.990363701
5/24/2017 0:00,0.970548169
5/27/2017 0:00,0.991460917
5/30/2017 0:00,0.980603117
6/2/2017 0:00,0.981988616
6/5/2017 0:00,0.964430122
6/8/2017 0:00,0.969814206
6/11/2017 0:00,0.945474836
6/14/2017 0:00,0.969356293
6/17/2017 0:00,0.985705317
6/20/2017 0:00,0.965675225
6/23/2017 0:00,0.948880294
6/26/2017 0:00,0.987224345
6/29/2017 0:00,0.966836958
7/2/2017 0:00,0.779583298
7/5/2017 0:00,0.909539919
7/8/2017 0:00,0.858895297
7/11/2017 0:00,0.890107624
7/14/2017 0:00,0.900208978
7/17/2017 0:00,0.94528775
7/20/2017 0:00,0.92945613
7/23/2017 0:00,0.683351727
7/26/2017 0:00,0.967338823
7/29/2017 0:00,0.872203153
8/1/2017 0:00,0.725291631
8/4/2017 0:00,0.924147648
8/7/2017 0:00,0.943697824
8/10/2017 0:00,0.981281642
8/13/2017 0:00,0.983320155
8/16/2017 0:00,0.966727708
8/19/2017 0:00,0.966455159
8/22/2017 0:00,0.998175236
8/25/2017 0:00,0.92875899
8/28/2017 0:00,0.981300233
8/31/2017 0:00,0.981641534
9/3/2017 0:00,0.765766662
9/6/2017 0:00,0.904135802
9/9/2017 0:00,0.731735858
9/12/2017 0:00,0.711239202
9/15/2017 0:00,0.844177233
9/18/2017 0:00,0.911992409
9/21/2017 0:00,0.767394574
9/24/2017 0:00,0.656781524
9/27/2017 0:00,0.848984286
9/30/2017 0:00,0.786213399
10/3/2017 0:00,0.875862235
10/6/2017 0:00,0.920435792
10/9/2017 0:00,0.921536217
10/12/2017 0:00,0.977542987
10/15/2017 0:00,0.893767862
10/18/2017 0:00,1.01752149
10/21/2017 0:00,1.040078752
10/24/2017 0:00,1.041011641
10/27/2017 0:00,1.031948462
10/30/2017 0:00,1.028509136
11/2/2017 0:00,1.03739566
11/5/2017 0:00,1.042667163
11/8/2017 0:00,1.026831007
11/11/2017 0:00,1.058251325
11/14/2017 0:00,1.027411461
11/17/2017 0:00,1.034528575
11/20/2017 0:00,1.018682537
11/23/2017 0:00,1.056894261
11/26/2017 0:00,1.042223373
11/29/2017 0:00,1.064409006
12/2/2017 0:00,1.036298422
12/5/2017 0:00,1.058658534
12/8/2017 0:00,1.051352891
12/11/2017 0:00,1.060447971
12/14/2017 0:00,1.041837308
12/17/2017 0:00,1.041074422
12/20/2017 0:00,1.07280014
12/23/2017 0:00,1.060037964
12/26/2017 0:00,1.05031312
12/29/2017 0:00,1.047753715
1/1/2018 0:00,1.0433825
1/4/2018 0:00,1.065832702
1/7/2018 0:00,1.047738315
1/10/2018 0:00,1.058194976
1/13/2018 0:00,1.014637591
1/16/2018 0:00,1.05005422
1/19/2018 0:00,1.048356521
1/22/2018 0:00,1.081038102
1/25/2018 0:00,1.11032681
1/28/2018 0:00,1.031008842
1/31/2018 0:00,1.042831316
2/3/2018 0:00,0.996566861
2/6/2018 0:00,1.067524459
2/9/2018 0:00,1.076192548
2/12/2018 0:00,1.04129159
2/15/2018 0:00,1.063894962
2/18/2018 0:00,0.972766673
2/21/2018 0:00,0.985094627
2/24/2018 0:00,1.027894041
2/27/2018 0:00,1.01619215
3/2/2018 0:00,0.861064474
3/5/2018 0:00,1.016060517
3/8/2018 0:00,1.019423074
3/11/2018 0:00,1.013150765
3/14/2018 0:00,0.744636688
3/17/2018 0:00,0.515427899
3/20/2018 0:00,0.793882709
3/23/2018 0:00,0.830547677
3/26/2018 0:00,0.71241346
3/29/2018 0:00,0.679723553
4/1/2018 0:00,0.453174049
4/4/2018 0:00,0.72334634
4/7/2018 0:00,0.538825089
4/10/2018 0:00,0.683104451
4/13/2018 0:00,0.722759497
4/16/2018 0:00,0.967547255
4/19/2018 0:00,0.625799629
4/22/2018 0:00,0.558847231
4/25/2018 0:00,1.043031374
4/28/2018 0:00,0.844274703
5/1/2018 0:00,0.673271551
5/4/2018 0:00,0.973819029
5/7/2018 0:00,0.867701387
5/10/2018 0:00,0.733376695
5/13/2018 0:00,0.576345047
5/16/2018 0:00,0.60659714
5/19/2018 0:00,0.580258701
5/22/2018 0:00,0.697712556
5/25/2018 0:00,0.62506196
5/28/2018 0:00,0.710101115
5/31/2018 0:00,0.706883535
6/3/2018 0:00,0.77128435
6/6/2018 0:00,0.991682973
6/9/2018 0:00,0.630925119
6/12/2018 0:00,1.04493149
6/15/2018 0:00,0.801346516
6/18/2018 0:00,0.648707695
6/21/2018 0:00,0.616743429
6/24/2018 0:00,0.484736936
6/27/2018 0:00,1.088043074
6/30/2018 0:00,0.987340128
7/3/2018 0:00,1.113817009
7/6/2018 0:00,0.685458581
7/9/2018 0:00,1.060415353
7/12/2018 0:00,1.179159482
7/15/2018 0:00,0.77394609
7/18/2018 0:00,1.046474247
7/21/2018 0:00,0.715741226
7/24/2018 0:00,0.917435553
7/27/2018 0:00,0.886276054
7/30/2018 0:00,0.911087888
8/2/2018 0:00,0.806938451
8/5/2018 0:00,0.578105369
8/8/2018 0:00,0.81295779
8/11/2018 0:00,0.611510918
8/14/2018 0:00,1.011792919
8/17/2018 0:00,0.833029454
8/20/2018 0:00,0.818181573
8/23/2018 0:00,0.768391154
8/26/2018 0:00,0.569715503
8/29/2018 0:00,0.90788618
9/1/2018 0:00,0.769296053
9/4/2018 0:00,0.957670738
9/7/2018 0:00,0.889911336
9/10/2018 0:00,0.899061756
9/13/2018 0:00,0.819058953
9/16/2018 0:00,0.627328396
9/19/2018 0:00,0.804437244
9/22/2018 0:00,0.732038903
9/25/2018 0:00,0.768240781
9/28/2018 0:00,0.855168669
10/1/2018 0:00,0.857105918
10/4/2018 0:00,0.798640053
10/7/2018 0:00,0.831893479
10/10/2018 0:00,0.896905521
10/13/2018 0:00,0.862022191
10/16/2018 0:00,1.066273815
10/19/2018 0:00,1.018147845
10/22/2018 0:00,0.916539568
10/25/2018 0:00,1.035430299
10/28/2018 0:00,0.828287614
10/31/2018 0:00,0.918292963
11/3/2018 0:00,0.885550503
11/6/2018 0:00,1.072038437
11/9/2018 0:00,1.13519578
11/12/2018 0:00,1.066877571
11/15/2018 0:00,1.193645071
11/18/2018 0:00,0.954274699
11/21/2018 0:00,1.213546219
11/24/2018 0:00,0.980274238
11/27/2018 0:00,1.071254038
11/30/2018 0:00,1.209791366
12/3/2018 0:00,1.101028246
12/6/2018 0:00,1.09192977
12/9/2018 0:00,0.948841625
12/12/2018 0:00,1.1335625
12/15/2018 0:00,0.941854396
12/18/2018 0:00,1.078395297
12/21/2018 0:00,1.048346286
12/24/2018 0:00,0.932735355
12/27/2018 0:00,0.885621408
12/30/2018 0:00,0.76248679
1/2/2019 0:00,0.947860662
1/5/2019 0:00,0.812945822
1/8/2019 0:00,0.86793
1/11/2019 0:00,0.983164703
1/14/2019 0:00,0.956647966
1/17/2019 0:00,1.097214181
1/20/2019 0:00,0.805785057
1/23/2019 0:00,1.026111377
1/26/2019 0:00,0.98073546
1/29/2019 0:00,1.010222788
2/1/2019 0:00,1.024592437
2/4/2019 0:00,1.012398531
2/7/2019 0:00,0.942216902
2/10/2019 0:00,0.899240979
2/13/2019 0:00,1.153285621
2/16/2019 0:00,1.008760027
2/19/2019 0:00,1.060471256
2/22/2019 0:00,1.085184228
2/25/2019 0:00,1.109526161
2/28/2019 0:00,1.130737273
3/3/2019 0:00,1.003580384
3/6/2019 0:00,1.235649305
3/9/2019 0:00,0.882423514
3/12/2019 0:00,1.004161133
3/15/2019 0:00,0.987588412
3/18/2019 0:00,0.926942733
3/21/2019 0:00,1.039646357
3/24/2019 0:00,0.753646587
3/27/2019 0:00,1.199629819
3/30/2019 0:00,1.204920209
4/2/2019 0:00,1.215506975
4/5/2019 0:00,1.240968854
4/8/2019 0:00,1.218371115
4/11/2019 0:00,1.201692847
4/14/2019 0:00,1.196266385
4/17/2019 0:00,1.229380333
4/20/2019 0:00,1.240556481
4/23/2019 0:00,1.255767388
4/26/2019 0:00,1.255490709
4/29/2019 0:00,1.203267613
5/2/2019 0:00,1.100861511
5/5/2019 0:00,1.196308186
5/8/2019 0:00,1.243073447
5/11/2019 0:00,1.240594785
5/14/2019 0:00,1.230687118
5/17/2019 0:00,1.261404709
5/20/2019 0:00,1.177317634
5/23/2019 0:00,1.226995165
5/26/2019 0:00,1.00135643
5/29/2019 0:00,1.224251023
6/1/2019 0:00,1.244086252
6/4/2019 0:00,1.253258474
6/7/2019 0:00,1.187780804
6/10/2019 0:00,1.150810567
6/13/2019 0:00,1.264188841
6/16/2019 0:00,1.175121715
6/19/2019 0:00,1.159557627
6/22/2019 0:00,1.209288709
6/25/2019 0:00,1.245764247
6/28/2019 0:00,1.255488209
7/1/2019 0:00,1.26303335
7/4/2019 0:00,1.139688042
7/7/2019 0:00,0.956807588
7/10/2019 0:00,1.270236891
7/13/2019 0:00,1.048582589
7/16/2019 0:00,1.098875278
7/19/2019 0:00,1.262904373
7/22/2019 0:00,1.004485468
7/25/2019 0:00,1.133330787
7/28/2019 0:00,0.70364656
7/31/2019 0:00,1.007365485
8/3/2019 0:00,0.847532514
8/6/2019 0:00,1.145295174
8/9/2019 0:00,1.156579728
8/12/2019 0:00,1.035999226
8/15/2019 0:00,1.06614658
8/18/2019 0:00,0.949509167
8/21/2019 0:00,1.188414015
8/24/2019 0:00,0.977127281
8/27/2019 0:00,1.159739378
8/30/2019 0:00,1.0054113
9/2/2019 0:00,1.055764356
9/5/2019 0:00,1.020782558
9/8/2019 0:00,0.70717213
9/11/2019 0:00,0.953451777
9/14/2019 0:00,0.903661329
9/17/2019 0:00,1.157712412
9/20/2019 0:00,1.040262013
9/23/2019 0:00,1.243719526
9/26/2019 0:00,0.970737503
9/29/2019 0:00,0.899054971
10/2/2019 0:00,1.005967926
10/5/2019 0:00,0.885488658
10/8/2019 0:00,0.966500944
10/11/2019 0:00,1.017074673
10/14/2019 0:00,1.059371319
10/17/2019 0:00,1.09859798
10/20/2019 0:00,0.84529661
10/23/2019 0:00,0.978411524
10/26/2019 0:00,1.225023579
10/29/2019 0:00,1.159250707
11/1/2019 0:00,1.241092908
11/4/2019 0:00,1.165071561
11/7/2019 0:00,1.178781985
11/10/2019 0:00,0.829142916
11/13/2019 0:00,1.155403252
11/16/2019 0:00,1.171504054
11/19/2019 0:00,1.143817435
11/22/2019 0:00,1.250728333
11/25/2019 0:00,1.076081424
11/28/2019 0:00,0.873442442
12/1/2019 0:00,0.870622964
12/4/2019 0:00,0.934351653
12/7/2019 0:00,0.865809871
12/10/2019 0:00,1.106342622
12/13/2019 0:00,0.990434309
12/16/2019 0:00,1.038496834
12/19/2019 0:00,1.013370414
12/22/2019 0:00,0.740650195
12/25/2019 0:00,0.889324687
12/28/2019 0:00,0.889533174
12/31/2019 0:00,0.982280848
1/3/2020 0:00,0.910629562
1/6/2020 0:00,1.12761063
