1/3/2009 0:00,0
1/6/2009 0:00,0
1/9/2009 0:00,0
1/12/2009 0:00,0
1/15/2009 0:00,0
1/18/2009 0:00,0
1/21/2009 0:00,0
1/24/2009 0:00,0
1/27/2009 0:00,0
1/30/2009 0:00,0
2/2/2009 0:00,0
2/5/2009 0:00,0
2/8/2009 0:00,0
2/11/2009 0:00,0
2/14/2009 0:00,0
2/17/2009 0:00,0
2/20/2009 0:00,0
2/23/2009 0:00,0
2/26/2009 0:00,0
3/1/2009 0:00,0
3/4/2009 0:00,0
3/7/2009 0:00,0
3/10/2009 0:00,0
3/13/2009 0:00,0
3/16/2009 0:00,0
3/19/2009 0:00,0
3/22/2009 0:00,0
3/25/2009 0:00,0
3/28/2009 0:00,0
3/31/2009 0:00,0
4/3/2009 0:00,0
4/6/2009 0:00,0
4/9/2009 0:00,0
4/12/2009 0:00,0
4/15/2009 0:00,0
4/18/2009 0:00,0
4/21/2009 0:00,0
4/24/2009 0:00,0
4/27/2009 0:00,0
4/30/2009 0:00,0
5/3/2009 0:00,0
5/6/2009 0:00,0
5/9/2009 0:00,0
5/12/2009 0:00,0
5/15/2009 0:00,0
5/18/2009 0:00,0
5/21/2009 0:00,0
5/24/2009 0:00,0
5/27/2009 0:00,0
5/30/2009 0:00,0
6/2/2009 0:00,0
6/5/2009 0:00,0
6/8/2009 0:00,0
6/11/2009 0:00,0
6/14/2009 0:00,0
6/17/2009 0:00,0
6/20/2009 0:00,0
6/23/2009 0:00,0
6/26/2009 0:00,0
6/29/2009 0:00,0
7/2/2009 0:00,0
7/5/2009 0:00,0
7/8/2009 0:00,0
7/11/2009 0:00,0
7/14/2009 0:00,0
7/17/2009 0:00,0
7/20/2009 0:00,0
7/23/2009 0:00,0
7/26/2009 0:00,0
7/29/2009 0:00,0
8/1/2009 0:00,0
8/4/2009 0:00,0
8/7/2009 0:00,0
8/10/2009 0:00,0
8/13/2009 0:00,0
8/16/2009 0:00,0
8/19/2009 0:00,0
8/22/2009 0:00,0
8/25/2009 0:00,0
8/28/2009 0:00,0
8/31/2009 0:00,0
9/3/2009 0:00,0
9/6/2009 0:00,0
9/9/2009 0:00,0
9/12/2009 0:00,0
9/15/2009 0:00,0
9/18/2009 0:00,0
9/21/2009 0:00,0
9/24/2009 0:00,0
9/27/2009 0:00,0
9/30/2009 0:00,0
10/3/2009 0:00,0
10/6/2009 0:00,0
10/9/2009 0:00,0
10/12/2009 0:00,0
10/15/2009 0:00,0
10/18/2009 0:00,0
10/21/2009 0:00,0
10/24/2009 0:00,0
10/27/2009 0:00,0
10/30/2009 0:00,0
11/2/2009 0:00,0
11/5/2009 0:00,0
11/8/2009 0:00,0
11/11/2009 0:00,0
11/14/2009 0:00,0
11/17/2009 0:00,0
11/20/2009 0:00,0
11/23/2009 0:00,0
11/26/2009 0:00,0
11/29/2009 0:00,0
12/2/2009 0:00,0
12/5/2009 0:00,0
12/8/2009 0:00,0
12/11/2009 0:00,0
12/14/2009 0:00,0
12/17/2009 0:00,0
12/20/2009 0:00,0
12/23/2009 0:00,0
12/26/2009 0:00,0
12/29/2009 0:00,0
1/1/2010 0:00,0
1/4/2010 0:00,0
1/7/2010 0:00,0
1/10/2010 0:00,0
1/13/2010 0:00,0
1/16/2010 0:00,0
1/19/2010 0:00,0
1/22/2010 0:00,0
1/25/2010 0:00,0
1/28/2010 0:00,0
1/31/2010 0:00,0
2/3/2010 0:00,0
2/6/2010 0:00,0
2/9/2010 0:00,0
2/12/2010 0:00,0
2/15/2010 0:00,0
2/18/2010 0:00,0
2/21/2010 0:00,0
2/24/2010 0:00,0
2/27/2010 0:00,0
3/2/2010 0:00,0
3/5/2010 0:00,0
3/8/2010 0:00,0
3/11/2010 0:00,0
3/14/2010 0:00,0
3/17/2010 0:00,0
3/20/2010 0:00,0
3/23/2010 0:00,0
3/26/2010 0:00,0
3/29/2010 0:00,0
4/1/2010 0:00,0
4/4/2010 0:00,0
4/7/2010 0:00,0
4/10/2010 0:00,0
4/13/2010 0:00,0
4/16/2010 0:00,0
4/19/2010 0:00,0
4/22/2010 0:00,0
4/25/2010 0:00,0
4/28/2010 0:00,0
5/1/2010 0:00,0
5/4/2010 0:00,0
5/7/2010 0:00,0
5/10/2010 0:00,0
5/13/2010 0:00,0
5/16/2010 0:00,0
5/19/2010 0:00,0
5/22/2010 0:00,0
5/25/2010 0:00,0
5/28/2010 0:00,0
5/31/2010 0:00,0
6/3/2010 0:00,0
6/6/2010 0:00,0
6/9/2010 0:00,0
6/12/2010 0:00,0
6/15/2010 0:00,0
6/18/2010 0:00,0
6/21/2010 0:00,0
6/24/2010 0:00,0
6/27/2010 0:00,0
6/30/2010 0:00,0
7/3/2010 0:00,0
7/6/2010 0:00,0
7/9/2010 0:00,0
7/12/2010 0:00,0
7/15/2010 0:00,0
7/18/2010 0:00,0
7/21/2010 0:00,0
7/24/2010 0:00,0
7/27/2010 0:00,0
7/30/2010 0:00,0
8/2/2010 0:00,0
8/5/2010 0:00,0
8/8/2010 0:00,0
8/11/2010 0:00,0
8/14/2010 0:00,0
8/17/2010 0:00,3712
8/20/2010 0:00,1410
8/23/2010 0:00,747
8/26/2010 0:00,1224
8/29/2010 0:00,660
9/1/2010 0:00,688
9/4/2010 0:00,1906
9/7/2010 0:00,1347
9/10/2010 0:00,649
9/13/2010 0:00,1412
9/16/2010 0:00,1272
9/19/2010 0:00,2963
9/22/2010 0:00,1835
9/25/2010 0:00,1066
9/28/2010 0:00,2282
10/1/2010 0:00,2350
10/4/2010 0:00,3271
10/7/2010 0:00,7232
10/10/2010 0:00,12096
10/13/2010 0:00,1954
10/16/2010 0:00,9668
10/19/2010 0:00,2720
10/22/2010 0:00,2305
10/25/2010 0:00,4299
10/28/2010 0:00,6586
10/31/2010 0:00,7535
11/3/2010 0:00,6846
11/6/2010 0:00,28387
11/9/2010 0:00,25859
11/12/2010 0:00,3054
11/15/2010 0:00,9817
11/18/2010 0:00,5600
11/21/2010 0:00,11801
11/24/2010 0:00,8045
11/27/2010 0:00,3988
11/30/2010 0:00,10313
12/3/2010 0:00,5857
12/6/2010 0:00,15403
12/9/2010 0:00,5112
12/12/2010 0:00,2639
12/15/2010 0:00,7042
12/18/2010 0:00,6928
12/21/2010 0:00,6854
12/24/2010 0:00,2077
12/27/2010 0:00,9707
12/30/2010 0:00,7230
1/2/2011 0:00,4965
1/5/2011 0:00,4746
1/8/2011 0:00,9216
1/11/2011 0:00,10925
1/14/2011 0:00,20944
1/17/2011 0:00,21248
1/20/2011 0:00,14375
1/23/2011 0:00,18353
1/26/2011 0:00,8354
1/29/2011 0:00,9028
2/1/2011 0:00,62654
2/4/2011 0:00,23600
2/7/2011 0:00,106124
2/10/2011 0:00,72572
2/13/2011 0:00,21840
2/16/2011 0:00,30500
2/19/2011 0:00,40214
2/22/2011 0:00,27368
2/25/2011 0:00,31889
2/28/2011 0:00,24184
3/3/2011 0:00,90019
3/6/2011 0:00,40280
3/9/2011 0:00,90086
3/12/2011 0:00,60424
3/15/2011 0:00,73225
3/18/2011 0:00,57847
3/21/2011 0:00,44912
3/24/2011 0:00,98185
3/27/2011 0:00,57626
3/30/2011 0:00,43376
4/2/2011 0:00,26398
4/5/2011 0:00,45955
4/8/2011 0:00,39878
4/11/2011 0:00,36299
4/14/2011 0:00,45784
4/17/2011 0:00,780771
4/20/2011 0:00,808384
4/23/2011 0:00,128333
4/26/2011 0:00,110594
4/29/2011 0:00,550045
5/2/2011 0:00,215720
5/5/2011 0:00,267356
5/8/2011 0:00,309849
5/11/2011 0:00,692885
5/14/2011 0:00,5839842
5/17/2011 0:00,1159406
5/20/2011 0:00,436590
5/23/2011 0:00,656643
5/26/2011 0:00,828721
5/29/2011 0:00,526541
6/1/2011 0:00,591030
6/4/2011 0:00,1521884
6/7/2011 0:00,1363724
6/10/2011 0:00,3843920
6/13/2011 0:00,3777160
6/16/2011 0:00,2639725
6/19/2011 0:00,2125491
6/22/2011 0:00,1843731
6/25/2011 0:00,1944141
6/28/2011 0:00,2629087
7/1/2011 0:00,1731314
7/4/2011 0:00,962698
7/7/2011 0:00,1041229
7/10/2011 0:00,814691
7/13/2011 0:00,783567
7/16/2011 0:00,611225
7/19/2011 0:00,1159599
7/22/2011 0:00,799642
7/25/2011 0:00,1017419
7/28/2011 0:00,1298118
7/31/2011 0:00,797357
8/3/2011 0:00,1241578
8/6/2011 0:00,750464
8/9/2011 0:00,838551
8/12/2011 0:00,553232
8/15/2011 0:00,794343
8/18/2011 0:00,1016465
8/21/2011 0:00,474112
8/24/2011 0:00,744776
8/27/2011 0:00,10297260
8/30/2011 0:00,449115
9/2/2011 0:00,476920
9/5/2011 0:00,682371
9/8/2011 0:00,453856
9/11/2011 0:00,5650663
9/14/2011 0:00,468495
9/17/2011 0:00,343371
9/20/2011 0:00,556567
9/23/2011 0:00,321076
9/26/2011 0:00,357898
9/29/2011 0:00,241918
10/2/2011 0:00,279125
10/5/2011 0:00,399487
10/8/2011 0:00,478236
10/11/2011 0:00,325915
10/14/2011 0:00,316445
10/17/2011 0:00,442260
10/20/2011 0:00,302146
10/23/2011 0:00,354811
10/26/2011 0:00,349570
10/29/2011 0:00,722135
11/1/2011 0:00,423635
11/4/2011 0:00,332715
11/7/2011 0:00,197525
11/10/2011 0:00,374929
11/13/2011 0:00,243426
11/16/2011 0:00,3652992
11/19/2011 0:00,5513644
11/22/2011 0:00,3917824
11/25/2011 0:00,454521
11/28/2011 0:00,6730250
12/1/2011 0:00,7723835
12/4/2011 0:00,9581607
12/7/2011 0:00,16375162
12/10/2011 0:00,987549
12/13/2011 0:00,536072
12/16/2011 0:00,521381
12/19/2011 0:00,490970
12/22/2011 0:00,419517
12/25/2011 0:00,289996
12/28/2011 0:00,390823
12/31/2011 0:00,415486
1/3/2012 0:00,446936
1/6/2012 0:00,1253710
1/9/2012 0:00,1080678
1/12/2012 0:00,553600
1/15/2012 0:00,554810
1/18/2012 0:00,1066261
1/21/2012 0:00,607503
1/24/2012 0:00,630962
1/27/2012 0:00,806235
1/30/2012 0:00,463445
2/2/2012 0:00,863863
2/5/2012 0:00,660909
2/8/2012 0:00,598229
2/11/2012 0:00,618951
2/14/2012 0:00,2137549
2/17/2012 0:00,900215
2/20/2012 0:00,476064
2/23/2012 0:00,617242
2/26/2012 0:00,446782
2/29/2012 0:00,513594
3/3/2012 0:00,757965
3/6/2012 0:00,587367
3/9/2012 0:00,529964
3/12/2012 0:00,540006
3/15/2012 0:00,855407
3/18/2012 0:00,484560
3/21/2012 0:00,712315
3/24/2012 0:00,492929
3/27/2012 0:00,646766
3/30/2012 0:00,669916
4/2/2012 0:00,566497
4/5/2012 0:00,829501
4/8/2012 0:00,412226
4/11/2012 0:00,682008
4/14/2012 0:00,943975
4/17/2012 0:00,1099386
4/20/2012 0:00,1151820
4/23/2012 0:00,612089
4/26/2012 0:00,1061121
4/29/2012 0:00,800697
5/2/2012 0:00,800088
5/5/2012 0:00,751695
5/8/2012 0:00,876743
5/11/2012 0:00,1138863
5/14/2012 0:00,706640
5/17/2012 0:00,824999
5/20/2012 0:00,762713
5/23/2012 0:00,1086090
5/26/2012 0:00,738713
5/29/2012 0:00,1034024
6/1/2012 0:00,3268330
6/4/2012 0:00,1110604
6/7/2012 0:00,1228372
6/10/2012 0:00,850427
6/13/2012 0:00,1576581
6/16/2012 0:00,1776317
6/19/2012 0:00,1415080
6/22/2012 0:00,1676382
6/25/2012 0:00,1197025
6/28/2012 0:00,1547091
7/1/2012 0:00,669466
7/4/2012 0:00,1506107
7/7/2012 0:00,1088100
7/10/2012 0:00,1753780
7/13/2012 0:00,2506981
7/16/2012 0:00,1661503
7/19/2012 0:00,1710994
7/22/2012 0:00,1248162
7/25/2012 0:00,1706245
7/28/2012 0:00,1229283
7/31/2012 0:00,2868033
8/3/2012 0:00,2961123
8/6/2012 0:00,2019207
8/9/2012 0:00,2882069
8/12/2012 0:00,1138432
8/15/2012 0:00,2241263
8/18/2012 0:00,4122022
8/21/2012 0:00,3146792
8/24/2012 0:00,2221352
8/27/2012 0:00,3360623
8/30/2012 0:00,2499013
9/2/2012 0:00,1346909
9/5/2012 0:00,2254710
9/8/2012 0:00,1989741
9/11/2012 0:00,3374251
9/14/2012 0:00,2476501
9/17/2012 0:00,2701490
9/20/2012 0:00,3224024
9/23/2012 0:00,1548842
9/26/2012 0:00,2787295
9/29/2012 0:00,2779943
10/2/2012 0:00,3503565
10/5/2012 0:00,3204636
10/8/2012 0:00,2664207
10/11/2012 0:00,2582584
10/14/2012 0:00,1628112
10/17/2012 0:00,2661560
10/20/2012 0:00,3294081
10/23/2012 0:00,3280241
10/26/2012 0:00,2637060
10/29/2012 0:00,1700668
11/1/2012 0:00,3093891
11/4/2012 0:00,1099881
11/7/2012 0:00,2345008
11/10/2012 0:00,1275462
11/13/2012 0:00,1439249
11/16/2012 0:00,4164666
11/19/2012 0:00,3084759
11/22/2012 0:00,2334865
11/25/2012 0:00,1392564
11/28/2012 0:00,2787922
12/1/2012 0:00,1680606
12/4/2012 0:00,2827962
12/7/2012 0:00,2952657
12/10/2012 0:00,2782848
12/13/2012 0:00,4343095
12/16/2012 0:00,1448181
12/19/2012 0:00,3168938
12/22/2012 0:00,2095778
12/25/2012 0:00,1495965
12/28/2012 0:00,2378989
12/31/2012 0:00,2475471
1/3/2013 0:00,2127085
1/6/2013 0:00,1924972
1/9/2013 0:00,3605220
1/12/2013 0:00,2481424
1/15/2013 0:00,3434253
1/18/2013 0:00,3924977
1/21/2013 0:00,3249814
1/24/2013 0:00,6239889
1/27/2013 0:00,2866972
1/30/2013 0:00,5821475
2/2/2013 0:00,6881550
2/5/2013 0:00,5488787
2/8/2013 0:00,5081101
2/11/2013 0:00,4426803
2/14/2013 0:00,6911850
2/17/2013 0:00,6067580
2/20/2013 0:00,8693971
2/23/2013 0:00,6872446
2/26/2013 0:00,8510896
3/1/2013 0:00,11051611
3/4/2013 0:00,7038825
3/7/2013 0:00,14236761
3/10/2013 0:00,6980765
3/13/2013 0:00,12910133
3/16/2013 0:00,7545387
3/19/2013 0:00,18778746
3/22/2013 0:00,21801146
3/25/2013 0:00,20725370
3/28/2013 0:00,27694330
3/31/2013 0:00,12404983
4/3/2013 0:00,53723159
4/6/2013 0:00,27164719
4/9/2013 0:00,81522215
4/12/2013 0:00,37369827
4/15/2013 0:00,20737494
4/18/2013 0:00,25397077
4/21/2013 0:00,19031291
4/24/2013 0:00,38367160
4/27/2013 0:00,28298545
4/30/2013 0:00,32294820
5/3/2013 0:00,34738967
5/6/2013 0:00,32747255
5/9/2013 0:00,18432038
5/12/2013 0:00,24398195
5/15/2013 0:00,33062756
5/18/2013 0:00,26655270
5/21/2013 0:00,18248895
5/24/2013 0:00,18356960
5/27/2013 0:00,12042798
5/30/2013 0:00,19997470
6/2/2013 0:00,13732191
6/5/2013 0:00,20651670
6/8/2013 0:00,14984807
6/11/2013 0:00,15612185
6/14/2013 0:00,19223868
6/17/2013 0:00,11990898
6/20/2013 0:00,16649067
6/23/2013 0:00,11109050
6/26/2013 0:00,16456972
6/29/2013 0:00,12964846
7/2/2013 0:00,23261977
7/5/2013 0:00,23177973
7/8/2013 0:00,14716112
7/11/2013 0:00,17778704
7/14/2013 0:00,16176442
7/17/2013 0:00,35799465
7/20/2013 0:00,12358753
7/23/2013 0:00,29454766
7/26/2013 0:00,19630098
7/29/2013 0:00,18173521
8/1/2013 0:00,24802510
8/4/2013 0:00,9821585
8/7/2013 0:00,15577018
8/10/2013 0:00,11394420
8/13/2013 0:00,27791508
8/16/2013 0:00,15799075
8/19/2013 0:00,18536956
8/22/2013 0:00,19417003
8/25/2013 0:00,12086159
8/28/2013 0:00,23599317
8/31/2013 0:00,21527351
9/3/2013 0:00,21059813
9/6/2013 0:00,16094489
9/9/2013 0:00,15359356
9/12/2013 0:00,19081844
9/15/2013 0:00,9903219
9/18/2013 0:00,20504733
9/21/2013 0:00,13680647
9/24/2013 0:00,26370038
9/27/2013 0:00,20570062
9/30/2013 0:00,17858428
10/3/2013 0:00,39333168
10/6/2013 0:00,11506441
10/9/2013 0:00,22600153
10/12/2013 0:00,16997986
10/15/2013 0:00,25180562
10/18/2013 0:00,23370691
10/21/2013 0:00,30979595
10/24/2013 0:00,49099293
10/27/2013 0:00,20364921
10/30/2013 0:00,33905628
11/2/2013 0:00,25308174
11/5/2013 0:00,87485395
11/8/2013 0:00,105554624
11/11/2013 0:00,60555075
11/14/2013 0:00,116172520
11/17/2013 0:00,79545941
11/20/2013 0:00,189981706
11/23/2013 0:00,162973773
11/26/2013 0:00,240113213
11/29/2013 0:00,384357424
12/2/2013 0:00,209705624
12/5/2013 0:00,264518651
12/8/2013 0:00,138704496
12/11/2013 0:00,213807083
12/14/2013 0:00,99250160
12/17/2013 0:00,176116795
12/20/2013 0:00,132627443
12/23/2013 0:00,85126859
12/26/2013 0:00,67082728
12/29/2013 0:00,44478343
1/1/2014 0:00,56483139
1/4/2014 0:00,114646590
1/7/2014 0:00,100994810
1/10/2014 0:00,64780722
1/13/2014 0:00,73322235
1/16/2014 0:00,83152691
1/19/2014 0:00,50510418
1/22/2014 0:00,68931602
1/25/2014 0:00,63934534
1/28/2014 0:00,109368085
1/31/2014 0:00,52245602
2/3/2014 0:00,47583167
2/6/2014 0:00,164571017
2/9/2014 0:00,60241888
2/12/2014 0:00,67142256
2/15/2014 0:00,48064647
2/18/2014 0:00,73726238
2/21/2014 0:00,62632626
2/24/2014 0:00,90670244
2/27/2014 0:00,86979357
3/2/2014 0:00,39679925
3/5/2014 0:00,84472040
3/8/2014 0:00,283095945
3/11/2014 0:00,209103644
3/14/2014 0:00,140788486
3/17/2014 0:00,47725346
3/20/2014 0:00,81945774
3/23/2014 0:00,22231142
3/26/2014 0:00,46966514
3/29/2014 0:00,36870432
4/1/2014 0:00,59045962
4/4/2014 0:00,58176471
4/7/2014 0:00,36774851
4/10/2014 0:00,89536231
4/13/2014 0:00,20899083
4/16/2014 0:00,86171062
4/19/2014 0:00,28166242
4/22/2014 0:00,41304401
4/25/2014 0:00,57255580
4/28/2014 0:00,46745164
5/1/2014 0:00,34726960
5/4/2014 0:00,22565490
5/7/2014 0:00,48178380
5/10/2014 0:00,26092751
5/13/2014 0:00,36846458
5/16/2014 0:00,34513674
5/19/2014 0:00,31446950
5/22/2014 0:00,55019591
5/25/2014 0:00,63234339
5/28/2014 0:00,81882997
5/31/2014 0:00,55048506
6/3/2014 0:00,84081482
6/6/2014 0:00,66893782
6/9/2014 0:00,34774064
6/12/2014 0:00,90337283
6/15/2014 0:00,31780604
6/18/2014 0:00,51361498
6/21/2014 0:00,34112284
6/24/2014 0:00,130567463
6/27/2014 0:00,40507566
6/30/2014 0:00,53399280
7/3/2014 0:00,56230454
7/6/2014 0:00,28240285
7/9/2014 0:00,55825336
7/12/2014 0:00,33905603
7/15/2014 0:00,41867255
7/18/2014 0:00,50696974
7/21/2014 0:00,50291603
7/24/2014 0:00,62927564
7/27/2014 0:00,31352812
7/30/2014 0:00,43910086
8/2/2014 0:00,43323442
8/5/2014 0:00,79081409
8/8/2014 0:00,45429230
8/11/2014 0:00,43160222
8/14/2014 0:00,71874482
8/17/2014 0:00,40549429
8/20/2014 0:00,51935426
8/23/2014 0:00,36094826
8/26/2014 0:00,48832021
8/29/2014 0:00,37526263
9/1/2014 0:00,42130576
9/4/2014 0:00,43029156
9/7/2014 0:00,30541006
9/10/2014 0:00,59807812
9/13/2014 0:00,33280330
9/16/2014 0:00,43919238
9/19/2014 0:00,77510120
9/22/2014 0:00,34182377
9/25/2014 0:00,45246389
9/28/2014 0:00,35314615
10/1/2014 0:00,56591522
10/4/2014 0:00,59714061
10/7/2014 0:00,52380811
10/10/2014 0:00,66251247
10/13/2014 0:00,61807124
10/16/2014 0:00,48944986
10/19/2014 0:00,32531035
10/22/2014 0:00,73884654
10/25/2014 0:00,43824569
10/28/2014 0:00,41415805
10/31/2014 0:00,47869731
11/3/2014 0:00,41105832
11/6/2014 0:00,51460059
11/9/2014 0:00,35847049
11/12/2014 0:00,90416694
11/15/2014 0:00,61511796
11/18/2014 0:00,87672375
11/21/2014 0:00,57490040
11/24/2014 0:00,50358546
11/27/2014 0:00,48525776
11/30/2014 0:00,39169446
12/3/2014 0:00,78960564
12/6/2014 0:00,74212899
12/9/2014 0:00,113085882
12/12/2014 0:00,48992200
12/15/2014 0:00,49816388
12/18/2014 0:00,85842180
12/21/2014 0:00,36054494
12/24/2014 0:00,70710498
12/27/2014 0:00,42707345
12/30/2014 0:00,50225689
1/2/2015 0:00,28315237
1/5/2015 0:00,62633832
1/8/2015 0:00,51516706
1/11/2015 0:00,39759184
1/14/2015 0:00,79330845
1/17/2015 0:00,37461945
1/20/2015 0:00,39491841
1/23/2015 0:00,43759854
1/26/2015 0:00,96483300
1/29/2015 0:00,54731886
2/1/2015 0:00,35646882
2/4/2015 0:00,44478360
2/7/2015 0:00,36922120
2/10/2015 0:00,43915007
2/13/2015 0:00,56852658
2/16/2015 0:00,41112330
2/19/2015 0:00,42918722
2/22/2015 0:00,25054486
2/25/2015 0:00,42974777
2/28/2015 0:00,31953168
3/3/2015 0:00,65278663
3/6/2015 0:00,58987483
3/9/2015 0:00,48021598
3/12/2015 0:00,60449520
3/15/2015 0:00,25077189
3/18/2015 0:00,60289864
3/21/2015 0:00,35086759
3/24/2015 0:00,54478819
3/27/2015 0:00,56541941
3/30/2015 0:00,42268706
4/2/2015 0:00,53544855
4/5/2015 0:00,22055242
4/8/2015 0:00,51341612
4/11/2015 0:00,43162808
4/14/2015 0:00,56332209
4/17/2015 0:00,40555682
4/20/2015 0:00,41368777
4/23/2015 0:00,40213228
4/26/2015 0:00,35461638
4/29/2015 0:00,42213058
5/2/2015 0:00,32343624
5/5/2015 0:00,39710134
5/8/2015 0:00,48016735
5/11/2015 0:00,43124535
5/14/2015 0:00,44447621
5/17/2015 0:00,24683670
5/20/2015 0:00,44881421
5/23/2015 0:00,45374296
5/26/2015 0:00,40991325
5/29/2015 0:00,50625830
6/1/2015 0:00,54061315
6/4/2015 0:00,46705950
6/7/2015 0:00,33394451
6/10/2015 0:00,51729321
6/13/2015 0:00,41248314
6/16/2015 0:00,82533170
6/19/2015 0:00,104131527
6/22/2015 0:00,44621940
6/25/2015 0:00,48103894
6/28/2015 0:00,36009989
7/1/2015 0:00,61661136
7/4/2015 0:00,43833637
7/7/2015 0:00,84736311
7/10/2015 0:00,105642225
7/13/2015 0:00,67272969
7/16/2015 0:00,72857510
7/19/2015 0:00,32334590
7/22/2015 0:00,51471899
7/25/2015 0:00,55741425
7/28/2015 0:00,88465494
7/31/2015 0:00,59564971
8/3/2015 0:00,55632970
8/6/2015 0:00,53340726
8/9/2015 0:00,81070335
8/12/2015 0:00,68147769
8/15/2015 0:00,68152204
8/18/2015 0:00,90618565
8/21/2015 0:00,76017672
8/24/2015 0:00,93056448
8/27/2015 0:00,56877510
8/30/2015 0:00,39950881
9/2/2015 0:00,52401262
9/5/2015 0:00,46221429
9/8/2015 0:00,65127397
9/11/2015 0:00,61956502
9/14/2015 0:00,53013943
9/17/2015 0:00,64611517
9/20/2015 0:00,47230390
9/23/2015 0:00,64070252
9/26/2015 0:00,43064749
9/29/2015 0:00,73949342
10/2/2015 0:00,89839880
10/5/2015 0:00,54579155
10/8/2015 0:00,102730022
10/11/2015 0:00,40021301
10/14/2015 0:00,84280201
10/17/2015 0:00,94336338
10/20/2015 0:00,85037764
10/23/2015 0:00,82728670
10/26/2015 0:00,88690534
10/29/2015 0:00,149071857
11/1/2015 0:00,119375905
11/4/2015 0:00,335396983
11/7/2015 0:00,160161961
11/10/2015 0:00,156434921
11/13/2015 0:00,144215203
11/16/2015 0:00,138934071
11/19/2015 0:00,122475995
11/22/2015 0:00,75147447
11/25/2015 0:00,106664445
11/28/2015 0:00,110478101
12/1/2015 0:00,164357757
12/4/2015 0:00,125600042
12/7/2015 0:00,171097161
12/10/2015 0:00,188140441
12/13/2015 0:00,166932544
12/16/2015 0:00,196572300
12/19/2015 0:00,170727429
12/22/2015 0:00,204851463
12/25/2015 0:00,130919375
12/28/2015 0:00,105765156
12/31/2015 0:00,75660801
1/3/2016 0:00,51825525
1/6/2016 0:00,92674992
1/9/2016 0:00,70372025
1/12/2016 0:00,99053316
1/15/2016 0:00,127558283
1/18/2016 0:00,73971077
1/21/2016 0:00,135289667
1/24/2016 0:00,80026649
1/27/2016 0:00,134666967
1/30/2016 0:00,147357727
2/2/2016 0:00,144577638
2/5/2016 0:00,155714041
2/8/2016 0:00,93311393
2/11/2016 0:00,135127313
2/14/2016 0:00,104891981
2/17/2016 0:00,171220047
2/20/2016 0:00,151924621
2/23/2016 0:00,157192209
2/26/2016 0:00,142870420
2/29/2016 0:00,226500160
3/3/2016 0:00,216563283
3/6/2016 0:00,135654591
3/9/2016 0:00,114428780
3/12/2016 0:00,94789300
3/15/2016 0:00,117684224
3/18/2016 0:00,121630357
3/21/2016 0:00,95667032
3/24/2016 0:00,139400527
3/27/2016 0:00,115335330
3/30/2016 0:00,156573869
4/2/2016 0:00,96731087
4/5/2016 0:00,139881431
4/8/2016 0:00,123583371
4/11/2016 0:00,111212456
4/14/2016 0:00,116332488
4/17/2016 0:00,79440650
4/20/2016 0:00,138381943
4/23/2016 0:00,100388767.7
4/26/2016 0:00,170332016.5
4/29/2016 0:00,200081325.4
5/2/2016 0:00,143257803.9
5/5/2016 0:00,129129621.4
5/8/2016 0:00,72466700.77
5/11/2016 0:00,143001664.2
5/14/2016 0:00,103526313
5/17/2016 0:00,144340459
5/20/2016 0:00,155269360.8
5/23/2016 0:00,127147867.8
5/26/2016 0:00,166731059.5
5/29/2016 0:00,207196705
6/1/2016 0:00,194100011.2
6/4/2016 0:00,134268325.3
6/7/2016 0:00,207725690.1
6/10/2016 0:00,221804836.8
6/13/2016 0:00,193653353.3
6/16/2016 0:00,433827904.9
6/19/2016 0:00,154471559.7
6/22/2016 0:00,287826976.7
6/25/2016 0:00,155484784.1
6/28/2016 0:00,204747904.5
7/1/2016 0:00,195860775.9
7/4/2016 0:00,163158062.2
7/7/2016 0:00,211036735.6
7/10/2016 0:00,102817416.2
7/13/2016 0:00,187860898
7/16/2016 0:00,129816925.1
7/19/2016 0:00,237841255.9
7/22/2016 0:00,162347801.7
7/25/2016 0:00,136159538.3
7/28/2016 0:00,169387536.7
7/31/2016 0:00,146181270.1
8/3/2016 0:00,205115591.3
8/6/2016 0:00,117085456.3
8/9/2016 0:00,152251392.8
8/12/2016 0:00,151428140.4
8/15/2016 0:00,120670960.5
8/18/2016 0:00,141677830
8/21/2016 0:00,79203717.81
8/24/2016 0:00,157159537.2
8/27/2016 0:00,96289790.09
8/30/2016 0:00,153077158.7
9/2/2016 0:00,134009917.3
9/5/2016 0:00,159238902.6
9/8/2016 0:00,154415043.4
9/11/2016 0:00,99918473.19
9/14/2016 0:00,134490737.6
9/17/2016 0:00,92793982.27
9/20/2016 0:00,148383128.5
9/23/2016 0:00,144015257.5
9/26/2016 0:00,151722294.1
9/29/2016 0:00,154115925.8
10/2/2016 0:00,98603245.04
10/5/2016 0:00,149242509.6
10/8/2016 0:00,132635392
10/11/2016 0:00,194960089.5
10/14/2016 0:00,152633388.5
10/17/2016 0:00,162800543.7
10/20/2016 0:00,183925044.7
10/23/2016 0:00,104494840.8
10/26/2016 0:00,176802053
10/29/2016 0:00,167480078
11/1/2016 0:00,211281401.1
11/4/2016 0:00,198460199.9
11/7/2016 0:00,190875055
11/10/2016 0:00,187613066
11/13/2016 0:00,124728414.9
11/16/2016 0:00,270653443.7
11/19/2016 0:00,151778077
11/22/2016 0:00,223163107.2
11/25/2016 0:00,194997124.2
11/28/2016 0:00,198614920.8
12/1/2016 0:00,195432627.8
12/4/2016 0:00,100618181.3
12/7/2016 0:00,225933753.5
12/10/2016 0:00,149402091.3
12/13/2016 0:00,200234698.5
12/16/2016 0:00,240778360
12/19/2016 0:00,221887382.6
12/22/2016 0:00,331099340
12/25/2016 0:00,208080003.1
12/28/2016 0:00,326666676.6
12/31/2016 0:00,207605277.5
1/3/2017 0:00,340688236.3
1/6/2017 0:00,428452344.3
1/9/2017 0:00,267769180.3
1/12/2017 0:00,317369300.9
1/15/2017 0:00,159034173.1
1/18/2017 0:00,259176379.5
1/21/2017 0:00,206063844.5
1/24/2017 0:00,234204104
1/27/2017 0:00,172944033.5
1/30/2017 0:00,147934759.6
2/2/2017 0:00,208080409.8
2/5/2017 0:00,189360700.5
2/8/2017 0:00,268446935.6
2/11/2017 0:00,162450165.4
2/14/2017 0:00,230076645.5
2/17/2017 0:00,274772401.3
2/20/2017 0:00,194658608.6
2/23/2017 0:00,329524919.7
2/26/2017 0:00,199679377.8
3/1/2017 0:00,288085091.7
3/4/2017 0:00,257999763.7
3/7/2017 0:00,333212201.6
3/10/2017 0:00,300514966.4
3/13/2017 0:00,305232655
3/16/2017 0:00,498470434.7
3/19/2017 0:00,251863755.8
3/22/2017 0:00,378214892.4
3/25/2017 0:00,317578894.4
3/28/2017 0:00,427464477.2
3/31/2017 0:00,458122200.8
4/3/2017 0:00,352832392.7
4/6/2017 0:00,373394291.4
4/9/2017 0:00,221823326.3
4/12/2017 0:00,324655762.7
4/15/2017 0:00,277386308.9
4/18/2017 0:00,358703371.1
4/21/2017 0:00,343765582.7
4/24/2017 0:00,275563451.4
4/27/2017 0:00,403324576
4/30/2017 0:00,270224936.6
5/3/2017 0:00,478643852.4
5/6/2017 0:00,473676745.1
5/9/2017 0:00,761394965.4
5/12/2017 0:00,591706179.2
5/15/2017 0:00,691417744.1
5/18/2017 0:00,677185578.4
5/21/2017 0:00,545513367.9
5/24/2017 0:00,1071925264
5/27/2017 0:00,646375171.1
5/30/2017 0:00,894942261
6/2/2017 0:00,726398967.5
6/5/2017 0:00,796468589.3
6/8/2017 0:00,810352769
6/11/2017 0:00,657286287.9
6/14/2017 0:00,753304915.4
6/17/2017 0:00,536083586.1
6/20/2017 0:00,712285162.4
6/23/2017 0:00,555414772.8
6/26/2017 0:00,694801740.3
6/29/2017 0:00,609903745.6
7/2/2017 0:00,471702116.8
7/5/2017 0:00,730594292.9
7/8/2017 0:00,558655116.3
7/11/2017 0:00,651438758.6
7/14/2017 0:00,486550966.2
7/17/2017 0:00,570175601.5
7/20/2017 0:00,755326162.7
7/23/2017 0:00,423959853.1
7/26/2017 0:00,676202732.9
7/29/2017 0:00,928609716.3
8/1/2017 0:00,1369195846
8/4/2017 0:00,1196484565
8/7/2017 0:00,1385571339
8/10/2017 0:00,963128414.1
8/13/2017 0:00,926444962
8/16/2017 0:00,982522797.1
8/19/2017 0:00,1323689300
8/22/2017 0:00,881477645.7
8/25/2017 0:00,765174341.4
8/28/2017 0:00,925154460.8
8/31/2017 0:00,1192190047
9/3/2017 0:00,795926407.8
9/6/2017 0:00,1347017552
9/9/2017 0:00,778259235.6
9/12/2017 0:00,906438524.1
9/15/2017 0:00,1503345854
9/18/2017 0:00,838578661.7
9/21/2017 0:00,688978348.9
9/24/2017 0:00,359612295.4
9/27/2017 0:00,721892560.2
9/30/2017 0:00,663214577.9
10/3/2017 0:00,691406024.5
10/6/2017 0:00,714231923.3
10/9/2017 0:00,1118783648
10/12/2017 0:00,1107300180
10/15/2017 0:00,868580434.8
10/18/2017 0:00,1395865356
10/21/2017 0:00,929448820.6
10/24/2017 0:00,2102862590
10/27/2017 0:00,952470634.5
10/30/2017 0:00,1681454664
11/2/2017 0:00,2392765594
11/5/2017 0:00,1309726635
11/8/2017 0:00,1888939271
11/11/2017 0:00,1344145630
11/14/2017 0:00,1833276923
11/17/2017 0:00,2803405660
11/20/2017 0:00,2394321375
11/23/2017 0:00,2455560233
11/26/2017 0:00,2264912543
11/29/2017 0:00,3966055570
12/2/2017 0:00,1985357943
12/5/2017 0:00,2667850402
12/8/2017 0:00,4799300875
12/11/2017 0:00,4271582104
12/14/2017 0:00,3587876011
12/17/2017 0:00,5065451796
12/20/2017 0:00,5152140336
12/23/2017 0:00,2465336231
12/26/2017 0:00,3172612011
12/29/2017 0:00,3682930089
1/1/2018 0:00,2552418376
1/4/2018 0:00,4053543884
1/7/2018 0:00,4897713642
1/10/2018 0:00,3931428179
1/13/2018 0:00,2614290042
1/16/2018 0:00,3021888568
1/19/2018 0:00,2503297607
1/22/2018 0:00,2099490616
1/25/2018 0:00,2123135103
1/28/2018 0:00,1924759198
1/31/2018 0:00,1618658854
2/3/2018 0:00,1491970146
2/6/2018 0:00,2199269651
2/9/2018 0:00,1702603673
2/12/2018 0:00,1595114436
2/15/2018 0:00,1288852356
2/18/2018 0:00,836693606.2
2/21/2018 0:00,1532098344
2/24/2018 0:00,1626761888
2/27/2018 0:00,1499367704
3/2/2018 0:00,1317221659
3/5/2018 0:00,1582234331
3/8/2018 0:00,1349195039
3/11/2018 0:00,1016923552
3/14/2018 0:00,1221695123
3/17/2018 0:00,703389492.2
3/20/2018 0:00,1036873619
3/23/2018 0:00,961129741.4
3/26/2018 0:00,1014204077
3/29/2018 0:00,1048746364
4/1/2018 0:00,585197702.8
4/4/2018 0:00,749856523.3
4/7/2018 0:00,653970929
4/10/2018 0:00,814234811
4/13/2018 0:00,1139372876
4/16/2018 0:00,870304184.2
4/19/2018 0:00,1383779299
4/22/2018 0:00,662423526.7
4/25/2018 0:00,1640070695
4/28/2018 0:00,1666871609
5/1/2018 0:00,855147576
5/4/2018 0:00,1411310862
5/7/2018 0:00,1292283432
5/10/2018 0:00,1324180127
5/13/2018 0:00,635299096.6
5/16/2018 0:00,1353735436
5/19/2018 0:00,569531075.2
5/22/2018 0:00,877226131.5
5/25/2018 0:00,788621726.1
5/28/2018 0:00,1013613735
5/31/2018 0:00,827851052.9
6/3/2018 0:00,485884807.3
6/6/2018 0:00,781104515.8
6/9/2018 0:00,506021255.1
6/12/2018 0:00,818780283.3
6/15/2018 0:00,774046295.1
6/18/2018 0:00,688082117.4
6/21/2018 0:00,719546651.5
6/24/2018 0:00,583414674.4
6/27/2018 0:00,795615808.3
6/30/2018 0:00,493208885.1
7/3/2018 0:00,872392592
7/6/2018 0:00,799979138.3
7/9/2018 0:00,641995550.7
7/12/2018 0:00,684429563.5
7/15/2018 0:00,351656240.4
7/18/2018 0:00,1061451896
7/21/2018 0:00,525631984.8
7/24/2018 0:00,1102640516
7/27/2018 0:00,873105273.5
7/30/2018 0:00,879598687.6
8/2/2018 0:00,1034978973
8/5/2018 0:00,373567222.2
8/8/2018 0:00,785753515.1
8/11/2018 0:00,507380742.1
8/14/2018 0:00,1057442607
8/17/2018 0:00,785060819.1
8/20/2018 0:00,623276781.1
8/23/2018 0:00,884660560.8
8/26/2018 0:00,379429738.2
8/29/2018 0:00,870722872.9
9/1/2018 0:00,531359264.7
9/4/2018 0:00,847238863.8
9/7/2018 0:00,737975012.2
9/10/2018 0:00,707683213.3
9/13/2018 0:00,1249581111
9/16/2018 0:00,282353987.6
9/19/2018 0:00,672997746.1
9/22/2018 0:00,459745178.2
9/25/2018 0:00,842041019
9/28/2018 0:00,913410388.9
10/1/2018 0:00,687191884.3
10/4/2018 0:00,664561133.8
10/7/2018 0:00,246326945.5
10/10/2018 0:00,757453884.2
10/13/2018 0:00,368589633.8
10/16/2018 0:00,903556367.1
10/19/2018 0:00,839318447.7
10/22/2018 0:00,740166134
10/25/2018 0:00,823126054.4
10/28/2018 0:00,461983903.4
10/31/2018 0:00,808033046.2
11/3/2018 0:00,367568335.3
11/6/2018 0:00,753728436.5
11/9/2018 0:00,841537370
11/12/2018 0:00,743806005.8
11/15/2018 0:00,2721200861
11/18/2018 0:00,358591541.6
11/21/2018 0:00,1029870319
11/24/2018 0:00,413195235.3
11/27/2018 0:00,859827352
11/30/2018 0:00,1627971420
12/3/2018 0:00,1267830456
12/6/2018 0:00,1443218068
12/9/2018 0:00,284901262.2
12/12/2018 0:00,559240638.5
12/15/2018 0:00,295204797.3
12/18/2018 0:00,731580451.5
12/21/2018 0:00,816200701.6
12/24/2018 0:00,684998894
12/27/2018 0:00,574288965.6
12/30/2018 0:00,270002442.5
1/2/2019 0:00,488767286.2
1/5/2019 0:00,319832893.3
1/8/2019 0:00,590024024.1
1/11/2019 0:00,1089515520
1/14/2019 0:00,588158822
1/17/2019 0:00,502064339
1/20/2019 0:00,240365948.2
1/23/2019 0:00,531820912.1
1/26/2019 0:00,284111987.3
1/29/2019 0:00,496604734.4
2/1/2019 0:00,618378473.6
2/4/2019 0:00,356869591.8
2/7/2019 0:00,481191905.9
2/10/2019 0:00,275674444.6
2/13/2019 0:00,687343678.6
2/16/2019 0:00,367074313.1
2/19/2019 0:00,724485362
2/22/2019 0:00,601384559.5
2/25/2019 0:00,796811590.2
2/28/2019 0:00,942667105.7
3/3/2019 0:00,262302996.4
3/6/2019 0:00,603400264.6
3/9/2019 0:00,339138402.1
3/12/2019 0:00,635482597.9
3/15/2019 0:00,548572685.6
3/18/2019 0:00,599572910.1
3/21/2019 0:00,646160042.5
3/24/2019 0:00,290564609.5
3/27/2019 0:00,625699918.8
3/30/2019 0:00,352584524.1
4/2/2019 0:00,1401991173
4/5/2019 0:00,895961933.9
4/8/2019 0:00,975157007.8
4/11/2019 0:00,1045331356
4/14/2019 0:00,551452871.5
4/17/2019 0:00,865976634.4
4/20/2019 0:00,366774810.2
4/23/2019 0:00,821615167.7
4/26/2019 0:00,1227442687
4/29/2019 0:00,883853257.1
5/2/2019 0:00,740187823.1
5/5/2019 0:00,446582444
5/8/2019 0:00,1022106150
5/11/2019 0:00,901752569.2
5/14/2019 0:00,1670984053
5/17/2019 0:00,1293975269
5/20/2019 0:00,1129836609
5/23/2019 0:00,1182840895
5/26/2019 0:00,842652353.7
5/29/2019 0:00,2718572243
6/1/2019 0:00,949538964.1
6/4/2019 0:00,2184180895
6/7/2019 0:00,1078223387
6/10/2019 0:00,1008344952
6/13/2019 0:00,1134729802
6/16/2019 0:00,1030608445
6/19/2019 0:00,1906991961
6/22/2019 0:00,2215850529
6/25/2019 0:00,1829928449
6/28/2019 0:00,2619180962
7/1/2019 0:00,1642357417
7/4/2019 0:00,1921912070
7/7/2019 0:00,564461784
7/10/2019 0:00,3147484043
7/13/2019 0:00,699101657.5
7/16/2019 0:00,1539871433
7/19/2019 0:00,2119931981
7/22/2019 0:00,1013658897
7/25/2019 0:00,1024902146
7/28/2019 0:00,380103883.7
7/31/2019 0:00,1035153238
8/3/2019 0:00,527435059.1
8/6/2019 0:00,1821771155
8/9/2019 0:00,1419064773
8/12/2019 0:00,1283989492
8/15/2019 0:00,1558124786
8/18/2019 0:00,927188284.6
8/21/2019 0:00,1051967173
8/24/2019 0:00,591434375.5
8/27/2019 0:00,1291395256
8/30/2019 0:00,1291283305
9/2/2019 0:00,1170138469
9/5/2019 0:00,1702729098
9/8/2019 0:00,731940974.1
9/11/2019 0:00,1417362282
9/14/2019 0:00,534971578.8
9/17/2019 0:00,1413085627
9/20/2019 0:00,1753746505
9/23/2019 0:00,845762844.3
9/26/2019 0:00,1277158103
9/29/2019 0:00,456111003.7
10/2/2019 0:00,741900358.2
10/5/2019 0:00,372671716
10/8/2019 0:00,935612818.6
10/11/2019 0:00,924450465.8
10/14/2019 0:00,1712208710
10/17/2019 0:00,1166267343
10/20/2019 0:00,336517707.6
10/23/2019 0:00,1307982064
10/26/2019 0:00,1246399015
10/29/2019 0:00,1161662424
11/1/2019 0:00,2062015128
11/4/2019 0:00,1318486306
11/7/2019 0:00,1404873590
11/10/2019 0:00,362969507.2
11/13/2019 0:00,1490081353
11/16/2019 0:00,465377118.8
11/19/2019 0:00,913920712.6
11/22/2019 0:00,1685584113
11/25/2019 0:00,1306565557
11/28/2019 0:00,764480534.4
12/1/2019 0:00,413102254.5
12/4/2019 0:00,1449498130
12/7/2019 0:00,845709175.2
12/10/2019 0:00,1193370834
12/13/2019 0:00,912971599.9
12/16/2019 0:00,899122437.9
