Date,BTC_Price,BTC_Volume,USD/CNY_Price,USD/CNY_PCT_CHANGE,USD/EUR_Price,USD/EUR_PCT_CHANGE,USD/JPY_Price,USD/JPY_PCT_CHANGE
2017-01-13,823.984009,168968000,6.9005,0.13,0.9395,-0.3,114.53,-0.17
2017-01-14,818.4119870000001,93063296,6.9005,0.0,0.9395,0.0,114.53,0.0
2017-01-15,821.7979740000001,71013600,6.9005,0.0,0.9395,0.0,114.53,0.0
2017-01-16,831.533997,82755200,6.9009,0.01,0.9432,0.39,114.2,-0.29
2017-01-17,907.9379880000001,155095008,6.8546,-0.67,0.9334,-1.04,112.64,-1.37
2017-01-18,886.6179810000001,225676992,6.8389999999999995,-0.23,0.9406,0.77,114.67,1.8
2017-01-19,899.0729980000001,105625000,6.8712,0.47,0.9377,-0.31,114.87,0.17
2017-01-20,895.026001,86728400,6.8765,0.08,0.9344,-0.35,114.62,-0.22
2017-01-21,921.789001,111158000,6.8765,0.0,0.9344,0.0,114.62,0.0
2017-01-22,924.6729740000001,116573000,6.8765,0.0,0.9344,0.0,114.62,0.0
2017-01-23,921.012024,73588600,6.854,-0.33,0.929,-0.58,112.7,-1.68
2017-01-24,892.6870119999999,111349000,6.859,0.07,0.9319,0.31,113.8,0.98
2017-01-25,901.5419919999999,120831000,6.8836,0.36,0.9304,-0.16,113.28,-0.46
2017-01-26,917.585999,131958000,6.8816,-0.03,0.9361,0.61,114.53,1.1
2017-01-27,919.75,125594000,6.8816,0.0,0.9346,-0.16,115.08,0.48
2017-01-28,921.590027,68979600,6.8816,0.0,0.9346,0.0,115.08,0.0
2017-01-29,919.495972,60851700,6.8816,0.0,0.9346,0.0,115.08,0.0
2017-01-30,920.3820189999999,78227296,6.8816,0.0,0.9351,0.05,113.78,-1.13
2017-01-31,970.403015,164582000,6.8816,0.0,0.9261,-0.96,112.8,-0.86
2017-02-01,989.02301,150110000,6.8816,0.0,0.9286,0.27,113.25,0.4
2017-02-02,1011.7999880000001,145820992,6.8816,0.0,0.9295,0.1,112.81,-0.39
2017-02-03,1029.910034,201278000,6.8697,-0.17,0.9273,-0.24,112.7,-0.1
2017-02-04,1042.900024,155064000,6.8697,0.0,0.9273,0.0,112.7,0.0
2017-02-05,1027.339966,114208000,6.8697,0.0,0.9273,0.0,112.7,0.0
2017-02-06,1038.150024,111762000,6.8629999999999995,-0.1,0.9302,0.31,111.75,-0.84
2017-02-07,1061.349976,146007008,6.8843,0.31,0.9361,0.63,112.39,0.57
2017-02-08,1063.069946,201855008,6.8723,-0.17,0.9346,-0.16,111.94,-0.4
2017-02-09,994.382996,407220000,6.8689,-0.05,0.9385,0.42,113.25,1.17
2017-02-10,988.674011,190452000,6.8785,0.14,0.9397,0.13,113.22,-0.03
2017-02-11,1004.4500119999999,102261000,6.8785,0.0,0.9397,0.0,113.22,0.0
2017-02-12,999.1810300000001,67530000,6.8785,0.0,0.9397,0.0,113.22,0.0
2017-02-13,990.6420289999999,100607000,6.8815,0.04,0.9435,0.4,113.75,0.47
2017-02-14,1004.5499880000001,137946000,6.8674,-0.2,0.9454,0.2,114.26,0.45
2017-02-15,1007.4799800000001,89759400,6.8711,0.05,0.9433,-0.22,114.17,-0.08
2017-02-16,1027.439941,122277000,6.8537,-0.25,0.9369,-0.68,113.23,-0.82
2017-02-17,1046.209961,136474000,6.8665,0.19,0.9422,0.57,112.88,-0.31
2017-02-18,1054.420044,99073504,6.8665,0.0,0.9422,0.0,112.88,0.0
2017-02-19,1047.869995,77423296,6.8665,0.0,0.9422,0.0,112.88,0.0
2017-02-20,1079.97998,109478000,6.8785,0.17,0.9422,0.0,113.1,0.19
2017-02-21,1115.300049,186868992,6.8841,0.08,0.9490000000000001,0.72,113.69,0.52
2017-02-22,1117.439941,136100000,6.8777,-0.09,0.9473,-0.18,113.3,-0.34
2017-02-23,1166.719971,189454000,6.8661,-0.17,0.945,-0.24,112.59,-0.63
2017-02-24,1173.680054,330759008,6.869,0.04,0.9467,0.18,112.19,-0.36
2017-02-25,1143.839966,139960992,6.869,0.0,0.9467,0.0,112.19,0.0
2017-02-26,1165.199951,116486000,6.869,0.0,0.9467,0.0,112.19,0.0
2017-02-27,1179.969971,131570000,6.8708,0.03,0.9446,-0.22,112.7,0.45
2017-02-28,1179.969971,184956000,6.8678,-0.04,0.9455,0.1,112.78,0.07
2017-03-01,1222.5,229056992,6.8819,0.21,0.9481,0.27,113.73,0.84
2017-03-02,1251.01001,368275008,6.8899,0.12,0.9517,0.38,114.41,0.6
2017-03-03,1274.98999,315739008,6.8972,0.11,0.9414,-1.08,114.02,-0.34
2017-03-04,1255.150024,183270000,6.8972,0.0,0.9414,0.0,114.02,0.0
2017-03-05,1267.119995,134127000,6.8972,0.0,0.9414,0.0,114.02,0.0
2017-03-06,1272.829956,153656992,6.8974,0.0,0.945,0.38,113.89,-0.11
2017-03-07,1223.540039,291256000,6.9025,0.07,0.9464,0.15,113.98,0.08
2017-03-08,1150.0,332603008,6.9131,0.15,0.9487,0.24,114.35,0.32
2017-03-09,1188.48999,212283008,6.9113,-0.03,0.9455,-0.34,114.94,0.52
2017-03-10,1116.719971,563795968,6.9095,-0.03,0.9371,-0.89,114.75,-0.17
2017-03-11,1175.829956,283320000,6.9095,0.0,0.9371,0.0,114.75,0.0
2017-03-12,1221.380005,227176000,6.9095,0.0,0.9371,0.0,114.75,0.0
2017-03-13,1231.920044,380276992,6.9145,0.07,0.9386,0.16,114.88,0.11
2017-03-14,1240.0,245306000,6.915,0.01,0.9431,0.48,114.75,-0.11
2017-03-15,1249.609985,297804992,6.9147,0.0,0.9316,-1.22,113.38,-1.19
2017-03-16,1187.810059,638568000,6.898,-0.24,0.9288,-0.3,113.31,-0.06
2017-03-17,1100.22998,706598976,6.9034,0.08,0.9313,0.27,112.72,-0.52
2017-03-18,973.817993,621302016,6.9034,0.0,0.9313,0.0,112.72,0.0
2017-03-19,1036.73999,406648000,6.9034,0.0,0.9313,0.0,112.72,0.0
2017-03-20,1054.22998,286529984,6.9085,0.07,0.9312,-0.01,112.56,-0.14
2017-03-21,1120.540039,337391008,6.8869,-0.31,0.925,-0.67,111.72,-0.75
2017-03-22,1049.140015,380840992,6.8828,-0.06,0.9262,0.13,111.16,-0.5
2017-03-23,1038.589966,248540000,6.8861,0.05,0.9274,0.13,110.94,-0.2
2017-03-24,937.5200199999999,491038016,6.8837,-0.03,0.9261,-0.14,111.34,0.36
2017-03-25,972.778992,435803008,6.8837,0.0,0.9261,0.0,111.34,0.0
2017-03-26,966.724976,303668000,6.8837,0.0,0.9261,0.0,111.34,0.0
2017-03-27,1045.77002,372535008,6.8728,-0.16,0.9204,-0.62,110.66,-0.61
2017-03-28,1047.150024,326332000,6.8802,0.11,0.9248,0.48,111.16,0.45
2017-03-29,1039.969971,298457984,6.89,0.14,0.9288,0.43,111.05,-0.1
2017-03-30,1026.430054,352968992,6.8894,-0.01,0.9367,0.85,111.92,0.78
2017-03-31,1071.790039,447287008,6.8871,-0.03,0.9387,0.21,111.39,-0.47
2017-04-01,1080.5,289633984,6.8871,0.0,0.9387,0.0,111.39,0.0
2017-04-02,1102.170044,514187008,6.8871,0.0,0.9387,0.0,111.39,0.0
2017-04-03,1143.810059,580444032,6.8871,0.0,0.9374,-0.14,110.89,-0.45
2017-04-04,1133.25,436310016,6.8871,0.0,0.9369,-0.05,110.75,-0.13
2017-04-05,1124.780029,414784000,6.8948,0.11,0.9377,0.09,110.7,-0.05
2017-04-06,1182.680054,511222016,6.8978,0.04,0.9395,0.19,110.81,0.1
2017-04-07,1176.900024,317022016,6.9004,0.04,0.9443,0.51,111.07,0.23
2017-04-08,1175.949951,209312000,6.9004,0.0,0.9443,0.0,111.07,0.0
2017-04-09,1187.869995,242343008,6.9004,0.0,0.9443,0.0,111.07,0.0
2017-04-10,1187.130005,215883008,6.9031,0.04,0.9437,-0.06,110.94,-0.12
2017-04-11,1205.01001,216182000,6.8923,-0.16,0.9432,-0.05,109.62,-1.19
2017-04-12,1200.369995,288702016,6.8915,-0.01,0.9375,-0.6,109.03,-0.54
2017-04-13,1169.280029,351968992,6.89,-0.02,0.9422,0.5,109.09,0.06
2017-04-14,1167.540039,254827008,6.8854,-0.07,0.9424,0.02,108.64,-0.41
2017-04-15,1172.52002,203559008,6.8854,0.0,0.9424,0.0,108.64,0.0
2017-04-16,1182.939941,183231008,6.8854,0.0,0.9424,0.0,108.64,0.0
2017-04-17,1193.910034,253206000,6.8823,-0.05,0.9395,-0.31,108.91,0.25
2017-04-18,1211.670044,270524000,6.8819,-0.01,0.9319,-0.81,108.42,-0.45
2017-04-19,1210.290039,288060992,6.888,0.09,0.9336,0.18,108.86,0.41
2017-04-20,1229.079956,315108000,6.8822,-0.08,0.9331,-0.05,109.32,0.42
2017-04-21,1222.050049,272167008,6.8859,0.05,0.9322,-0.1,109.08,-0.22
2017-04-22,1231.709961,249320000,6.8859,0.0,0.9322,0.0,109.08,0.0
2017-04-23,1207.209961,258951008,6.8859,0.0,0.9322,0.0,109.08,0.0
2017-04-24,1250.150024,235806000,6.8848,-0.02,0.9202,-1.29,109.77,0.63
2017-04-25,1265.48999,242556000,6.8847,0.0,0.9153,-0.53,111.09,1.2
2017-04-26,1281.079956,329631008,6.8926,0.11,0.9172,0.21,111.06,-0.03
2017-04-27,1317.72998,449196992,6.8979,0.08,0.9197,0.27,111.27,0.19
2017-04-28,1316.47998,527488992,6.8935,-0.06,0.9177,-0.22,111.55,0.25
2017-04-29,1321.790039,422705984,6.8935,0.0,0.9177,0.0,111.55,0.0
2017-04-30,1347.890015,413115008,6.8935,0.0,0.9177,0.0,111.55,0.0
2017-05-01,1421.599976,713624000,6.8935,0.0,0.9175,-0.02,111.84,0.26
2017-05-02,1452.819946,477337984,6.896,0.04,0.9149,-0.28,111.98,0.13
2017-05-03,1490.089966,583795968,6.8989,0.04,0.9186,0.4,112.75,0.69
2017-05-04,1537.670044,933548992,6.8962,-0.04,0.9103,-0.9,112.46,-0.26
2017-05-05,1555.449951,946035968,6.9031,0.1,0.9093,-0.11,112.72,0.23
2017-05-06,1578.800049,582529984,6.9031,0.0,0.9093,0.0,112.72,0.0
2017-05-07,1596.709961,1080029952,6.9031,0.0,0.9093,0.0,112.72,0.0
2017-05-08,1723.3499760000002,1340320000,6.9045,0.02,0.9154,0.67,113.25,0.47
2017-05-09,1755.359985,1167920000,6.9074,0.04,0.9196,0.46,113.98,0.64
2017-05-10,1787.130005,915723008,6.9032,-0.06,0.9202,0.07,114.28,0.26
2017-05-11,1848.569946,799489984,6.9036,0.01,0.9206,0.04,113.86,-0.37
2017-05-12,1724.2399899999998,740984000,6.8994,-0.06,0.9149,-0.62,113.34,-0.46
2017-05-13,1804.910034,579635008,6.8994,0.0,0.9149,0.0,113.34,0.0
2017-05-14,1808.910034,437196000,6.8994,0.0,0.9149,0.0,113.34,0.0
2017-05-15,1738.430054,731529024,6.893,-0.09,0.9112,-0.4,113.78,0.39
2017-05-16,1734.449951,959044992,6.8867,-0.09,0.9023,-0.98,113.12,-0.58
2017-05-17,1839.089966,1064729984,6.8819,-0.07,0.8962,-0.68,110.82,-2.03
2017-05-18,1888.6500239999998,894321024,6.8892,0.11,0.9006,0.49,111.5,0.61
2017-05-19,1987.709961,1157289984,6.885,-0.06,0.8923,-0.92,111.28,-0.2
2017-05-20,2084.72998,961336000,6.885,0.0,0.8923,0.0,111.28,0.0
2017-05-21,2041.199951,1147859968,6.885,0.0,0.8923,0.0,111.28,0.0
2017-05-22,2173.399902,1942220032,6.8864,0.02,0.8899,-0.27,111.3,0.02
2017-05-23,2320.419922,1378749952,6.89,0.05,0.8942,0.48,111.78,0.43
2017-05-24,2443.639893,1725379968,6.8899,0.0,0.8913,-0.32,111.5,-0.25
2017-05-25,2304.97998,2406700032,6.8689,-0.3,0.8921,0.09,111.83,0.3
2017-05-26,2202.419922,1763480064,6.8556,-0.19,0.8942,0.24,111.34,-0.44
2017-05-27,2038.869995,1700480000,6.8556,0.0,0.8942,0.0,111.34,0.0
2017-05-28,2155.800049,1147139968,6.8556,0.0,0.8942,0.0,111.34,0.0
2017-05-29,2255.610107,994625024,6.8556,0.0,0.8958,0.18,111.26,-0.07
2017-05-30,2175.469971,1443970048,6.8556,0.0,0.894,-0.2,110.85,-0.37
2017-05-31,2286.409912,1544829952,6.8101,-0.66,0.8894,-0.51,110.78,-0.06
2017-06-01,2407.8798829999996,1653180032,6.8078,-0.03,0.8919,0.28,111.36,0.52
2017-06-02,2488.550049,1317030016,6.8117,0.06,0.8863,-0.63,110.42,-0.84
2017-06-03,2515.350098,1514950016,6.8117,0.0,0.8863,0.0,110.42,0.0
2017-06-04,2511.810059,1355120000,6.8117,0.0,0.8863,0.0,110.42,0.0
2017-06-05,2686.810059,1369309952,6.803999999999999,-0.11,0.8885,0.25,110.47,0.05
2017-06-06,2863.199951,2089609984,6.7953,-0.13,0.8867,-0.2,109.41,-0.96
2017-06-07,2732.159912,1517709952,6.7957,0.01,0.8883,0.18,109.81,0.37
2017-06-08,2805.6201170000004,1281170048,6.8003,0.07,0.8918,0.39,110.0,0.17
2017-06-09,2823.810059,1348950016,6.797999999999999,-0.03,0.8932,0.16,110.34,0.31
2017-06-10,2947.709961,2018889984,6.797999999999999,0.0,0.8932,0.0,110.34,0.0
2017-06-11,2958.110107,1752400000,6.797999999999999,0.0,0.8932,0.0,110.34,0.0
2017-06-12,2659.6298829999996,2569530112,6.7982,0.0,0.8927,-0.06,109.94,-0.36
2017-06-13,2717.02002,1781200000,6.7991,0.01,0.892,-0.08,110.07,0.12
2017-06-14,2506.3701170000004,1696560000,6.7916,-0.11,0.8914,-0.07,109.58,-0.45
2017-06-15,2464.580078,2026259968,6.8079,0.24,0.8972,0.65,110.94,1.24
2017-06-16,2518.560059,1195190016,6.8104,0.04,0.8931,-0.46,110.86,-0.07
2017-06-17,2655.8798829999996,1534509952,6.8104,0.0,0.8931,0.0,110.86,0.0
2017-06-18,2548.290039,1178659968,6.8104,0.0,0.8931,0.0,110.86,0.0
2017-06-19,2589.600098,1446840064,6.8195,0.13,0.897,0.44,111.53,0.6
2017-06-20,2721.790039,1854189952,6.8292,0.14,0.8981,0.12,111.44,-0.08
2017-06-21,2689.100098,1626579968,6.8295,0.0,0.8954,-0.3,111.38,-0.05
2017-06-22,2705.409912,1097939968,6.8349,0.08,0.8967,0.15,111.33,-0.04
2017-06-23,2744.909912,961318976,6.8366,0.02,0.8933,-0.38,111.29,-0.04
2017-06-24,2608.719971,982750016,6.8366,0.0,0.8933,0.0,111.29,0.0
2017-06-25,2589.409912,1161100032,6.8366,0.0,0.8933,0.0,111.29,0.0
2017-06-26,2478.449951,1663280000,6.8411,0.07,0.8943,0.11,111.84,0.49
2017-06-27,2552.449951,1489789952,6.8126,-0.42,0.882,-1.38,112.36,0.46
2017-06-28,2574.790039,1183869952,6.7998,-0.19,0.8789,-0.35,112.3,-0.05
2017-06-29,2539.320068,949979008,6.787000000000001,-0.19,0.8740000000000001,-0.56,112.18,-0.11
2017-06-30,2480.840088,860273024,6.7809,-0.09,0.8752,0.14,112.38,0.18
2017-07-01,2434.550049,779913984,6.7809,0.0,0.8752,0.0,112.38,0.0
2017-07-02,2506.469971,803747008,6.7809,0.0,0.8752,0.0,112.38,0.0
2017-07-03,2564.060059,964112000,6.8007,0.29,0.8799,0.54,113.39,0.9
2017-07-04,2601.639893,985516032,6.8007,0.0,0.8814,0.17,113.28,-0.1
2017-07-05,2601.98999,941566016,6.8015,0.01,0.8809,-0.06,113.27,-0.01
2017-07-06,2608.560059,761956992,6.8015,0.0,0.8754,-0.62,113.22,-0.04
2017-07-07,2518.659912,917411968,6.806,0.07,0.8771,0.19,113.89,0.59
2017-07-08,2571.340088,733329984,6.806,0.0,0.8771,0.0,113.89,0.0
2017-07-09,2518.439941,527856000,6.806,0.0,0.8771,0.0,113.89,0.0
2017-07-10,2372.560059,1111200000,6.8036,-0.04,0.8772,0.01,114.04,0.13
2017-07-11,2337.790039,1329760000,6.8025,-0.02,0.872,-0.59,113.94,-0.09
2017-07-12,2398.840088,1117410048,6.7877,-0.22,0.8762,0.48,113.16,-0.68
2017-07-13,2357.899902,835769984,6.7835,-0.06,0.8773,0.13,113.28,0.11
2017-07-14,2233.340088,882502976,6.7758,-0.11,0.872,-0.6,112.53,-0.66
2017-07-15,1998.859985,993608000,6.7758,0.0,0.872,0.0,112.53,0.0
2017-07-16,1929.819946,1182870016,6.7758,0.0,0.872,0.0,112.53,0.0
2017-07-17,2228.409912,1201760000,6.77,-0.09,0.8712,-0.09,112.64,0.1
2017-07-18,2318.8798829999996,1512450048,6.7463,-0.35,0.8655,-0.65,112.08,-0.5
2017-07-19,2273.429932,1245100032,6.7519,0.08,0.8684,0.34,111.97,-0.1
2017-07-20,2817.600098,2249260032,6.7595,0.11,0.8598,-0.99,111.91,-0.05
2017-07-21,2667.76001,1489449984,6.7669,0.11,0.8575,-0.27,111.12,-0.71
2017-07-22,2810.1201170000004,1177129984,6.7669,0.0,0.8575,0.0,111.12,0.0
2017-07-23,2730.399902,1072840000,6.7669,0.0,0.8575,0.0,111.12,0.0
2017-07-24,2754.860107,866473984,6.7511,-0.23,0.8590000000000001,0.17,111.11,-0.01
2017-07-25,2576.47998,1460089984,6.7511,0.0,0.8586,-0.05,111.89,0.7
2017-07-26,2529.449951,937404032,6.7539,0.04,0.8522,-0.75,111.17,-0.64
2017-07-27,2671.780029,789104000,6.742999999999999,-0.16,0.8564,0.49,111.25,0.07
2017-07-28,2809.01001,1380099968,6.7374,-0.08,0.8509,-0.64,110.67,-0.52
2017-07-29,2726.449951,803745984,6.7374,0.0,0.8509,0.0,110.67,0.0
2017-07-30,2757.179932,705942976,6.7374,0.0,0.8509,0.0,110.67,0.0
2017-07-31,2875.340088,860574976,6.7265,-0.16,0.8445,-0.75,110.25,-0.38
2017-08-01,2718.26001,1324669952,6.7181,-0.12,0.8474,0.34,110.36,0.1
2017-08-02,2710.669922,1094950016,6.7219,0.06,0.8435,-0.46,110.73,0.34
2017-08-03,2804.72998,804796992,6.7169,-0.07,0.8425,-0.12,110.05,-0.61
2017-08-04,2895.889893,1002120000,6.729,0.18,0.8495,0.83,110.69,0.58
2017-08-05,3252.909912,1945699968,6.729,0.0,0.8495,0.0,110.69,0.0
2017-08-06,3213.939941,1105030016,6.729,0.0,0.8495,0.0,110.69,0.0
2017-08-07,3378.9399409999996,1482279936,6.7214,-0.11,0.8478,-0.2,110.75,0.05
2017-08-08,3419.9399409999996,1752760064,6.7065,-0.22,0.8508,0.35,110.31,-0.4
2017-08-09,3342.469971,1468960000,6.6739,-0.49,0.8505,-0.04,110.08,-0.21
2017-08-10,3381.280029,1515110016,6.6475,-0.4,0.8495,-0.12,109.22,-0.78
2017-08-11,3650.6201170000004,2021190016,6.6647,0.26,0.846,-0.41,109.19,-0.03
2017-08-12,3884.709961,2219589888,6.6647,0.0,0.846,0.0,109.19,0.0
2017-08-13,4073.26001,3159089920,6.6647,0.0,0.846,0.0,109.19,0.0
2017-08-14,4325.129883,2463089920,6.6711,0.1,0.8489,0.34,109.64,0.41
2017-08-15,4181.930176,3258050048,6.6855,0.22,0.8521,0.38,110.67,0.94
2017-08-16,4376.629883,2272039936,6.6916,0.09,0.8498,-0.27,110.19,-0.43
2017-08-17,4331.689941,2553359872,6.6755,-0.24,0.8529,0.36,109.57,-0.56
2017-08-18,4160.620117,2941710080,6.6712,-0.06,0.8502,-0.32,109.19,-0.35
2017-08-19,4193.700195,2975820032,6.6712,0.0,0.8502,0.0,109.19,0.0
2017-08-20,4087.6599119999996,2109769984,6.6712,0.0,0.8502,0.0,109.19,0.0
2017-08-21,4001.73999,2800890112,6.6656,-0.08,0.8464,-0.45,108.98,-0.19
2017-08-22,4100.52002,3764239872,6.6624,-0.05,0.8502,0.45,109.57,0.54
2017-08-23,4151.52002,2369819904,6.6589,-0.05,0.8469,-0.39,109.03,-0.49
2017-08-24,4334.680176,2037750016,6.662000000000001,0.05,0.8476,0.08,109.56,0.49
2017-08-25,4371.600098,1727970048,6.6498,-0.18,0.8387,-1.05,109.36,-0.18
2017-08-26,4352.399902,1511609984,6.6498,0.0,0.8387,0.0,109.36,0.0
2017-08-27,4382.879883,1537459968,6.6498,0.0,0.8387,0.0,109.36,0.0
2017-08-28,4382.660156,1959330048,6.6159,-0.51,0.8348,-0.47,109.25,-0.1
2017-08-29,4579.02002,2486080000,6.5968,-0.29,0.8353,0.06,109.75,0.46
2017-08-30,4565.299805,1937849984,6.5944,-0.04,0.8415,0.74,110.23,0.44
2017-08-31,4703.390136999999,1944930048,6.5899,-0.07,0.8397,-0.21,109.97,-0.24
2017-09-01,4892.009765999999,2599079936,6.5591,-0.47,0.8433,0.43,110.27,0.27
2017-09-02,4578.77002,2722139904,6.5591,0.0,0.8433,0.0,110.27,0.0
2017-09-03,4582.959961,1933190016,6.5591,0.0,0.8433,0.0,110.27,0.0
2017-09-04,4236.310059,2987330048,6.5309,-0.43,0.8406,-0.32,109.74,-0.48
2017-09-05,4376.529785,2697969920,6.5388,0.12,0.8394,-0.14,108.81,-0.85
2017-09-06,4597.120117,2172100096,6.524,-0.23,0.8391,-0.04,109.23,0.39
2017-09-07,4599.879883,1844620032,6.4866,-0.57,0.8317,-0.88,108.45,-0.71
2017-09-08,4228.75,2700890112,6.4817,-0.08,0.8309,-0.1,107.84,-0.56
2017-09-09,4226.060059,1386230016,6.4817,0.0,0.8309,0.0,107.84,0.0
2017-09-10,4122.939941,1679090048,6.4817,0.0,0.8309,0.0,107.84,0.0
2017-09-11,4161.27002,1557330048,6.5297,0.74,0.8367,0.7,109.41,1.46
2017-09-12,4130.810059,1864530048,6.5354,0.09,0.8357,-0.12,110.17,0.69
2017-09-13,3882.5900880000004,2219409920,6.542999999999999,0.12,0.8413,0.67,110.48,0.28
2017-09-14,3154.949951,2716310016,6.556,0.2,0.8390000000000001,-0.27,110.23,-0.23
2017-09-15,3637.5200200000004,4148069888,6.5526,-0.05,0.8374,-0.19,110.84,0.55
2017-09-16,3625.040039,1818400000,6.5526,0.0,0.8374,0.0,110.84,0.0
2017-09-17,3582.8798829999996,1239149952,6.5526,0.0,0.8374,0.0,110.84,0.0
2017-09-18,4065.1999509999996,1943209984,6.5742,0.33,0.8366,-0.1,111.57,0.66
2017-09-19,3924.969971,1563980032,6.5838,0.15,0.8337,-0.35,111.59,0.02
2017-09-20,3905.9499509999996,1213830016,6.5749,-0.14,0.8408,0.85,112.22,0.56
2017-09-21,3631.040039,1411480064,6.5899,0.23,0.8374,-0.4,112.47,0.22
2017-09-22,3630.6999509999996,1194829952,6.5911,0.02,0.8369,-0.06,111.98,-0.44
2017-09-23,3792.399902,928113984,6.5911,0.0,0.8369,0.0,111.98,0.0
2017-09-24,3682.8400880000004,768014976,6.5911,0.0,0.8369,0.0,111.98,0.0
2017-09-25,3926.070068,1374210048,6.6212,0.46,0.8440000000000001,0.85,111.73,-0.22
2017-09-26,3892.350098,1043740032,6.64,0.28,0.8479,0.46,112.23,0.45
2017-09-27,4200.669922,1686880000,6.6425,0.04,0.8515,0.42,112.83,0.53
2017-09-28,4174.72998,1712320000,6.664,0.32,0.8485,-0.35,112.34,-0.43
2017-09-29,4163.069824,1367049984,6.6534,-0.16,0.8465,-0.24,112.49,0.13
2017-09-30,4338.709961,1207449984,6.6534,0.0,0.8465,0.0,112.49,0.0
2017-10-01,4403.740234000001,1208210048,6.6534,0.0,0.8465,0.0,112.49,0.0
2017-10-02,4409.319824,1431730048,6.6534,0.0,0.8523,0.69,112.77,0.25
2017-10-03,4317.47998,1288019968,6.6534,0.0,0.8515,-0.09,112.86,0.08
2017-10-04,4229.359863000001,1116770048,6.6534,0.0,0.8503,-0.14,112.75,-0.1
2017-10-05,4328.410156,1161769984,6.6534,0.0,0.8539,0.42,112.82,0.06
2017-10-06,4370.810059,1069939968,6.6534,0.0,0.8522,-0.2,112.64,-0.16
2017-10-07,4426.890136999999,906928000,6.6534,0.0,0.8522,0.0,112.64,0.0
2017-10-08,4610.47998,1313869952,6.6534,0.0,0.8522,0.0,112.64,0.0
2017-10-09,4772.02002,1968739968,6.6255,-0.42,0.8518,-0.05,112.67,0.03
2017-10-10,4781.990234000001,1597139968,6.5714,-0.82,0.847,-0.56,112.45,-0.2
2017-10-11,4826.47998,1222279936,6.5903,0.29,0.8433,-0.44,112.5,0.04
2017-10-12,5446.910156,2791610112,6.587999999999999,-0.03,0.8452,0.23,112.28,-0.2
2017-10-13,5647.209961,3615480064,6.5796,-0.13,0.8458,0.07,111.86,-0.37
2017-10-14,5831.790039,1669030016,6.5796,0.0,0.8458,0.0,111.86,0.0
2017-10-15,5678.189941,1976039936,6.5796,0.0,0.8458,0.0,111.86,0.0
2017-10-16,5725.589844,2008070016,6.5899,0.16,0.8477,0.22,112.19,0.3
2017-10-17,5605.509765999999,1821570048,6.6235,0.51,0.8499,0.26,112.2,0.01
2017-10-18,5590.689941,2399269888,6.6274,0.06,0.8484,-0.18,112.94,0.66
2017-10-19,5708.52002,1780540032,6.6151,-0.19,0.8438,-0.54,112.55,-0.35
2017-10-20,6011.450195,2354429952,6.6205,0.08,0.8485,0.56,113.52,0.86
2017-10-21,6031.600098,2207099904,6.6205,0.0,0.8485,0.0,113.52,0.0
2017-10-22,6008.419922,2034630016,6.6205,0.0,0.8485,0.0,113.52,0.0
2017-10-23,5930.319824,2401840128,6.64,0.29,0.8511,0.31,113.44,-0.07
2017-10-24,5526.640136999999,2735699968,6.6358,-0.06,0.8502,-0.11,113.9,0.41
2017-10-25,5750.799805,1966989952,6.6391,0.05,0.8466,-0.42,113.75,-0.13
2017-10-26,5904.830078,1905040000,6.6426,0.05,0.8583,1.38,113.98,0.2
2017-10-27,5780.899902,1710130048,6.6514,0.13,0.8613,0.35,113.69,-0.25
2017-10-28,5753.089844,1403920000,6.6514,0.0,0.8613,0.0,113.69,0.0
2017-10-29,6153.850098,2859040000,6.6514,0.0,0.8613,0.0,113.69,0.0
2017-10-30,6130.529785,1772150016,6.6465,-0.07,0.8582,-0.36,113.19,-0.44
2017-10-31,6468.399902,2311379968,6.6349,-0.17,0.8587,0.06,113.64,0.4
2017-11-01,6767.310059,2870320128,6.6029,-0.48,0.8607,0.23,114.17,0.47
2017-11-02,7078.5,4653770240,6.6089,0.09,0.8578,-0.34,114.09,-0.07
2017-11-03,7207.759765999999,3369860096,6.638999999999999,0.46,0.8614,0.42,114.08,-0.01
2017-11-04,7379.950195,2483800064,6.638999999999999,0.0,0.8614,0.0,114.08,0.0
2017-11-05,7407.410156,2380410112,6.638999999999999,0.0,0.8614,0.0,114.08,0.0
2017-11-06,7022.759765999999,3111899904,6.6338,-0.08,0.8613,-0.01,113.7,-0.33
2017-11-07,7144.379883,2326340096,6.64,0.09,0.8631,0.21,114.02,0.28
2017-11-08,7459.689941,4602200064,6.627999999999999,-0.18,0.8624,-0.08,113.88,-0.12
2017-11-09,7143.580078,3226249984,6.6403,0.19,0.8590000000000001,-0.39,113.47,-0.36
2017-11-10,6618.140136999999,5208249856,6.6414,0.02,0.8572,-0.21,113.53,0.05
2017-11-11,6357.600098,4908680192,6.6414,0.0,0.8572,0.0,113.53,0.0
2017-11-12,5950.069824,8957349888,6.6414,0.0,0.8572,0.0,113.53,0.0
2017-11-13,6559.490234000001,6263249920,6.6405,-0.01,0.8571,-0.01,113.62,0.08
2017-11-14,6635.75,3197110016,6.6363,-0.06,0.8476,-1.11,113.45,-0.15
2017-11-15,7315.540039,4200880128,6.6235,-0.19,0.8481,0.06,112.88,-0.5
2017-11-16,7871.689941,5123809792,6.6307,0.11,0.8496,0.18,113.06,0.16
2017-11-17,7708.990234000001,4651670016,6.6268,-0.06,0.8478,-0.21,112.08,-0.87
2017-11-18,7790.149901999999,3667190016,6.6268,0.0,0.8478,0.0,112.08,0.0
2017-11-19,8036.490234000001,3149319936,6.6268,0.0,0.8478,0.0,112.08,0.0
2017-11-20,8200.639648,3488450048,6.635,0.12,0.8524,0.54,112.62,0.48
2017-11-21,8071.259765999999,4277609984,6.6296,-0.08,0.8519,-0.06,112.44,-0.16
2017-11-22,8253.549805,3633530112,6.6102,-0.29,0.8458,-0.72,111.22,-1.09
2017-11-23,8038.77002,4225179904,6.5835,-0.4,0.8438,-0.24,111.22,0.0
2017-11-24,8253.69043,5058610176,6.6022,0.28,0.8382,-0.66,111.55,0.3
2017-11-25,8790.919922,4342060032,6.6022,0.0,0.8382,0.0,111.55,0.0
2017-11-26,9330.549805,5475579904,6.6022,0.0,0.8382,0.0,111.55,0.0
2017-11-27,9818.349609,5653320192,6.5969,-0.08,0.8405,0.27,111.09,-0.41
2017-11-28,10058.799809999999,6348819968,6.6076,0.16,0.8445,0.48,111.48,0.35
2017-11-29,9888.610352,11568799744,6.6094,0.03,0.8440000000000001,-0.06,111.93,0.4
2017-11-30,10233.59961,8310689792,6.6128,0.05,0.84,-0.47,112.53,0.54
2017-12-01,10975.59961,6783119872,6.6174,0.07,0.8409,0.11,112.11,-0.37
2017-12-02,11074.59961,5138500096,6.6174,0.0,0.8409,0.0,112.11,0.0
2017-12-03,11323.2002,6608309760,6.6174,0.0,0.8409,0.0,112.11,0.0
2017-12-04,11657.2002,6132409856,6.6197,0.03,0.8427,0.21,112.42,0.28
2017-12-05,11916.7002,6895260160,6.6191,-0.01,0.8456,0.34,112.59,0.15
2017-12-06,14291.5,12656300032,6.6148,-0.06,0.8478,0.26,112.3,-0.26
2017-12-07,17899.69922,17950699520,6.6193,0.07,0.8494,0.19,113.08,0.69
2017-12-08,16569.40039,21135998976,6.6212,0.03,0.85,0.07,113.48,0.35
2017-12-09,15178.2002,13911300096,6.6212,0.0,0.85,0.0,113.48,0.0
2017-12-10,15455.40039,13433299968,6.6212,0.0,0.85,0.0,113.48,0.0
2017-12-11,16936.80078,12153900032,6.6186,-0.04,0.8497,-0.04,113.56,0.07
2017-12-12,17415.40039,14603799552,6.6215,0.04,0.8517,0.24,113.55,-0.01
2017-12-13,16408.19922,12976900096,6.6174,-0.06,0.8456,-0.72,112.55,-0.88
2017-12-14,16564.0,13777399808,6.6095,-0.12,0.8490000000000001,0.4,112.39,-0.14
2017-12-15,17706.90039,14309999616,6.6094,0.0,0.8508,0.21,112.58,0.17
2017-12-16,19497.40039,12740599808,6.6094,0.0,0.8508,0.0,112.58,0.0
2017-12-17,19140.80078,13314599936,6.6094,0.0,0.8508,0.0,112.58,0.0
2017-12-18,19114.19922,14839499776,6.6164,0.11,0.8488,-0.24,112.55,-0.03
2017-12-19,17776.69922,16894499840,6.6047,-0.18,0.8446,-0.49,112.89,0.3
2017-12-20,16624.59961,22149699584,6.5785,-0.4,0.8424,-0.26,113.39,0.44
2017-12-21,15802.90039,16516599808,6.5847,0.09,0.8422,-0.02,113.33,-0.05
2017-12-22,13831.799809999999,22197999616,6.5774,-0.11,0.8433,0.13,113.27,-0.05
2017-12-23,14699.2002,13086000128,6.5774,0.0,0.8433,0.0,113.27,0.0
2017-12-24,13925.799809999999,11572299776,6.5774,0.0,0.8433,0.0,113.27,0.0
2017-12-25,14026.59961,10664699904,6.5397,-0.57,0.8426,-0.08,113.28,0.01
2017-12-26,16099.799809999999,13454300160,6.5453,0.09,0.8433,0.08,113.23,-0.04
2017-12-27,15838.5,12487600128,6.5568,0.18,0.8411,-0.26,113.36,0.11
2017-12-28,14606.5,12336499712,6.5334,-0.36,0.8374,-0.44,112.89,-0.41
2017-12-29,14656.2002,13025500160,6.5066,-0.41,0.8335,-0.47,112.69,-0.18
2017-12-30,12952.2002,14452599808,6.5066,0.0,0.8335,0.0,112.69,0.0
2017-12-31,14156.40039,12136299520,6.5066,0.0,0.8335,0.0,112.69,0.0
2018-01-01,13657.2002,10291200000,6.5066,0.0,0.8327,-0.1,112.66,-0.03
2018-01-02,14982.09961,16846600192,6.4934,-0.2,0.8293,-0.41,112.3,-0.32
2018-01-03,15201.0,16871900160,6.502999999999999,0.15,0.8323,0.36,112.5,0.18
2018-01-04,15599.2002,21783199744,6.4934,-0.15,0.8286,-0.44,112.75,0.22
2018-01-05,17429.5,23840899072,6.4887,-0.07,0.8313,0.33,113.08,0.29
2018-01-06,17527.0,18314600448,6.4887,0.0,0.8313,0.0,113.08,0.0
2018-01-07,16477.59961,15866000384,6.4887,0.0,0.8313,0.0,113.08,0.0
2018-01-08,15170.09961,18413899776,6.4997,0.17,0.8357,0.53,113.09,0.01
2018-01-09,14595.40039,16659999744,6.5297,0.46,0.8377,0.24,112.66,-0.38
2018-01-10,14973.299809999999,18500800512,6.5081,-0.33,0.8370000000000001,-0.08,111.44,-1.08
2018-01-11,13405.799809999999,16534099968,6.4958,-0.19,0.8311,-0.7,111.25,-0.17
2018-01-12,13980.59961,12065699840,6.461,-0.54,0.8206,-1.26,111.04,-0.19
2018-01-13,14360.2002,12763599872,6.461,0.0,0.8206,0.0,111.04,0.0
2018-01-14,13772.0,11084099584,6.461,0.0,0.8206,0.0,111.04,0.0
2018-01-15,13819.799809999999,12750799872,6.4371,-0.37,0.8155,-0.62,110.54,-0.45
2018-01-16,11490.5,18853799936,6.444,0.11,0.8156,0.01,110.45,-0.08
2018-01-17,11188.59961,18830600192,6.4343,-0.15,0.8206,0.61,111.28,0.75
2018-01-18,11474.90039,15020399616,6.4203,-0.22,0.8171,-0.43,111.11,-0.15
2018-01-19,11607.40039,10740400128,6.404,-0.25,0.8182,0.13,110.78,-0.3
2018-01-20,12899.2002,11801700352,6.404,0.0,0.8182,0.0,110.78,0.0
2018-01-21,11600.09961,9935179776,6.404,0.0,0.8182,0.0,110.78,0.0
2018-01-22,10931.40039,10537400320,6.4052,0.02,0.8155,-0.33,110.92,0.13
2018-01-23,10868.40039,9660609536,6.4047,-0.01,0.8131,-0.29,110.31,-0.55
2018-01-24,11359.40039,9940989952,6.37,-0.54,0.8059999999999999,-0.87,109.22,-0.99
2018-01-25,11259.40039,8873169920,6.3238,-0.73,0.8067,0.09,109.41,0.17
2018-01-26,11171.40039,9746199552,6.3201,-0.06,0.8051,-0.2,108.72,-0.63
2018-01-27,11440.7002,7583269888,6.3201,0.0,0.8051,0.0,108.72,0.0
2018-01-28,11786.299809999999,8350360064,6.3201,0.0,0.8051,0.0,108.72,0.0
2018-01-29,11296.40039,7107359744,6.3374,0.27,0.8076,0.31,108.95,0.21
2018-01-30,10106.299809999999,8637859840,6.3239,-0.21,0.8064,-0.15,108.78,-0.16
2018-01-31,10221.09961,8041160192,6.2888,-0.56,0.8051,-0.16,109.19,0.38
2018-02-01,9170.540039,9959400448,6.2995,0.17,0.7994,-0.71,109.41,0.2
2018-02-02,8830.75,12726899712,6.3014,0.03,0.8025,0.39,110.11,0.64
2018-02-03,9174.910156,7263790080,6.3014,0.0,0.8025,0.0,110.11,0.0
2018-02-04,8277.009766,7073549824,6.3014,0.0,0.8025,0.0,110.11,0.0
2018-02-05,6955.27002,9285289984,6.29,-0.18,0.8085,0.75,109.11,-0.91
2018-02-06,7754.0,13999800320,6.2832,-0.11,0.8079,-0.07,109.56,0.41
2018-02-07,7621.299805,9169280000,6.2694,-0.22,0.8154,0.93,109.33,-0.21
2018-02-08,8265.589844,9346750464,6.327000000000001,0.92,0.8165,0.13,108.75,-0.53
2018-02-09,8736.980469,6784820224,6.2969,-0.48,0.8174,0.11,108.8,0.05
2018-02-10,8621.900391,7780960256,6.2969,0.0,0.8174,0.0,108.8,0.0
2018-02-11,8129.970215,6122189824,6.2969,0.0,0.8174,0.0,108.8,0.0
2018-02-12,8926.570313,6256439808,6.3275,0.49,0.8135,-0.48,108.66,-0.13
2018-02-13,8598.30957,5696719872,6.341,0.21,0.8096,-0.48,107.83,-0.76
2018-02-14,9494.629883,7909819904,6.3482,0.11,0.8032,-0.79,107.02,-0.75
2018-02-15,10166.40039,9062540288,6.3482,0.0,0.7996,-0.45,106.12,-0.84
2018-02-16,10233.90039,7296159744,6.3482,0.0,0.8061,0.81,106.31,0.18
2018-02-17,11112.7002,8660880384,6.3482,0.0,0.8061,0.0,106.31,0.0
2018-02-18,10551.799809999999,8744009728,6.3482,0.0,0.8061,0.0,106.31,0.0
2018-02-19,11225.299809999999,7652089856,6.3482,0.0,0.8059999999999999,-0.01,106.6,0.27
2018-02-20,11403.7002,9926540288,6.3482,0.0,0.8105,0.56,107.33,0.68
2018-02-21,10690.40039,9405339648,6.3482,0.0,0.8141,0.44,107.78,0.42
2018-02-22,10005.0,8040079872,6.3501,0.03,0.8109999999999999,-0.38,106.75,-0.96
2018-02-23,10301.09961,7739500032,6.3373,-0.2,0.8135,0.31,106.89,0.13
2018-02-24,9813.070313,6917929984,6.3373,0.0,0.8135,0.0,106.89,0.0
2018-02-25,9664.730469,5706939904,6.3373,0.0,0.8135,0.0,106.89,0.0
2018-02-26,10366.7002,7287690240,6.316,-0.34,0.8119,-0.2,106.94,0.05
2018-02-27,10725.59961,6966179840,6.317,0.02,0.8175,0.69,107.33,0.36
2018-02-28,10397.90039,6936189952,6.3311,0.22,0.82,0.31,106.67,-0.61
2018-03-01,10951.0,7317279744,6.3582,0.43,0.8152,-0.59,106.24,-0.4
2018-03-02,11086.40039,7620590080,6.3454,-0.2,0.8118,-0.42,105.75,-0.46
2018-03-03,11489.7002,6690570240,6.3454,0.0,0.8118,0.0,105.75,0.0
2018-03-04,11512.59961,6084149760,6.3454,0.0,0.8118,0.0,105.75,0.0
2018-03-05,11573.299809999999,6468539904,6.3495,0.06,0.8106,-0.15,106.2,0.43
2018-03-06,10779.90039,6832169984,6.3098,-0.63,0.8062,-0.54,106.12,-0.08
2018-03-07,9965.570313,8797910016,6.3255,0.25,0.8057,-0.06,106.08,-0.04
2018-03-08,9395.009766,7186089984,6.3422,0.26,0.8122,0.81,106.2,0.11
2018-03-09,9337.549805,8704190464,6.3326,-0.15,0.8125,0.04,106.8,0.56
2018-03-10,8866.0,5386319872,6.3326,0.0,0.8125,0.0,106.8,0.0
2018-03-11,9578.629883,6296370176,6.3326,0.0,0.8125,0.0,106.8,0.0
2018-03-12,9205.120117,6457399808,6.33,-0.04,0.8107,-0.22,106.42,-0.36
2018-03-13,9194.849609,5991139840,6.3216,-0.13,0.8071,-0.44,106.58,0.15
2018-03-14,8269.80957,6438230016,6.318,-0.06,0.8086,0.19,106.33,-0.23
2018-03-15,8300.860352,6834429952,6.3221,0.06,0.8127,0.51,106.34,0.01
2018-03-16,8338.349609,5289379840,6.335,0.2,0.8137,0.12,106.02,-0.3
2018-03-17,7916.879883,4426149888,6.335,0.0,0.8137,0.0,106.02,0.0
2018-03-18,8223.679688,6639190016,6.335,0.0,0.8137,0.0,106.02,0.0
2018-03-19,8630.650391,6729110016,6.3322,-0.04,0.8107,-0.37,106.09,0.07
2018-03-20,8913.469727,6361789952,6.3341,0.03,0.8168,0.75,106.53,0.41
2018-03-21,8929.280273,6043129856,6.3232,-0.17,0.8105,-0.77,106.06,-0.44
2018-03-22,8728.469727,5530390016,6.335,0.19,0.8128,0.28,105.28,-0.74
2018-03-23,8879.620117,5954120192,6.316,-0.3,0.8095,-0.41,104.74,-0.51
2018-03-24,8668.120117,5664600064,6.316,0.0,0.8095,0.0,104.74,0.0
2018-03-25,8495.780273,4569880064,6.316,0.0,0.8095,0.0,104.74,0.0
2018-03-26,8209.400391,5921039872,6.2734,-0.67,0.8037,-0.72,105.41,0.64
2018-03-27,7833.040039,5378250240,6.2831,0.15,0.8063,0.32,105.34,-0.07
2018-03-28,7954.47998,4935289856,6.2979,0.24,0.8125,0.77,106.86,1.44
2018-03-29,7165.700195,6361229824,6.2898,-0.13,0.8129,0.05,106.43,-0.4
2018-03-30,6890.52002,6289509888,6.2753,-0.23,0.8115,-0.17,106.28,-0.14
2018-03-31,6973.529785,4553269760,6.2753,0.0,0.8115,0.0,106.28,0.0
2018-04-01,6844.22998,4532100096,6.2753,0.0,0.8115,0.0,106.28,0.0
2018-04-02,7083.799805,4333440000,6.2805,0.08,0.8128,0.16,105.89,-0.37
2018-04-03,7456.109863,5499700224,6.2899,0.15,0.8149,0.26,106.61,0.68
2018-04-04,6853.839844,4936000000,6.3052,0.24,0.8145,-0.05,106.78,0.16
2018-04-05,6811.470215,5639320064,6.3052,0.0,0.8170000000000001,0.31,107.38,0.56
2018-04-06,6636.319824,3766810112,6.3052,0.0,0.8142,-0.34,106.93,-0.42
2018-04-07,6911.089844,3976610048,6.3052,0.0,0.8142,0.0,106.93,0.0
2018-04-08,7023.52002,3652499968,6.3052,0.0,0.8142,0.0,106.93,0.0
2018-04-09,6770.72998,4894060032,6.307,0.03,0.8116,-0.32,106.77,-0.15
2018-04-10,6834.759765999999,4272750080,6.2832,-0.38,0.8094,-0.27,107.2,0.4
2018-04-11,6968.319823999999,4641889792,6.269,-0.23,0.8086,-0.1,106.8,-0.37
2018-04-12,7889.25,8906250240,6.2915,0.36,0.8113,0.33,107.33,0.5
2018-04-13,7895.959961,7764460032,6.275,-0.26,0.8109,-0.05,107.34,0.01
2018-04-14,7986.240234000001,5191430144,6.275,0.0,0.8109,0.0,107.34,0.0
2018-04-15,8329.110352,5244480000,6.275,0.0,0.8109,0.0,107.34,0.0
2018-04-16,8058.669922,5631309824,6.2765,0.02,0.8078,-0.38,107.11,-0.21
2018-04-17,7902.089844,6900879872,6.2825,0.1,0.8084,0.07,107.0,-0.1
2018-04-18,8163.419922,6529909760,6.2744,-0.13,0.8082,-0.02,107.23,0.21
2018-04-19,8294.30957,7063209984,6.2791,0.07,0.8099,0.21,107.38,0.14
2018-04-20,8845.830078,8438110208,6.2965,0.28,0.8138,0.48,107.67,0.27
2018-04-21,8895.580078,7548550144,6.2965,0.0,0.8138,0.0,107.67,0.0
2018-04-22,8802.459961,6629899776,6.2965,0.0,0.8138,0.0,107.67,0.0
2018-04-23,8930.879883,6925190144,6.3171,0.33,0.8190000000000001,0.64,108.71,0.97
2018-04-24,9697.5,10678800384,6.3065,-0.17,0.8175,-0.18,108.82,0.1
2018-04-25,8845.740234,11083100160,6.3266,0.32,0.8223,0.59,109.42,0.55
2018-04-26,9281.509766,8970559488,6.3365,0.16,0.8263,0.49,109.31,-0.1
2018-04-27,8987.049805,7566289920,6.3332,-0.05,0.8244,-0.23,109.05,-0.24
2018-04-28,9348.480469,7805479936,6.3332,0.0,0.8244,0.0,109.05,0.0
2018-04-29,9419.080078,8853000192,6.3332,0.0,0.8244,0.0,109.05,0.0
2018-04-30,9240.549805,8673920000,6.3332,0.0,0.8279,0.42,109.33,0.26
2018-05-01,9119.009766,7713019904,6.3332,0.0,0.8338,0.71,109.86,0.48
2018-05-02,9235.919922,7558159872,6.3624,0.46,0.8367,0.35,109.84,-0.02
2018-05-03,9743.860352,10207299584,6.3537,-0.14,0.8341,-0.31,109.19,-0.59
2018-05-04,9700.759766,8217829888,6.3627,0.14,0.8361,0.24,109.12,-0.06
2018-05-05,9858.150391,7651939840,6.3627,0.0,0.8361,0.0,109.12,0.0
2018-05-06,9654.799805,7222280192,6.3627,0.0,0.8361,0.0,109.12,0.0
2018-05-07,9373.009766,7394019840,6.3667,0.06,0.8387,0.31,109.09,-0.03
2018-05-08,9234.820313,7415869952,6.3707,0.06,0.8428,0.49,109.12,0.03
2018-05-09,9325.179688,7226890240,6.3624,-0.13,0.8438,0.12,109.75,0.58
2018-05-10,9043.94043,6906699776,6.3492,-0.21,0.8393,-0.53,109.39,-0.33
2018-05-11,8441.490234,8488520192,6.3341,-0.24,0.8373,-0.24,109.39,0.0
2018-05-12,8504.889648,6821380096,6.3341,0.0,0.8373,0.0,109.39,0.0
2018-05-13,8723.94043,5866379776,6.3341,0.0,0.8373,0.0,109.39,0.0
2018-05-14,8716.790039,7364149760,6.3392,0.08,0.8385,0.14,109.66,0.25
2018-05-15,8510.379883,6705710080,6.3777,0.61,0.8448,0.75,110.35,0.63
2018-05-16,8368.830078,6760220160,6.3715,-0.1,0.8469,0.25,110.39,0.04
2018-05-17,8094.319823999999,5862530048,6.3671,-0.07,0.8478,0.11,110.77,0.34
2018-05-18,8250.969727,5764190208,6.38,0.2,0.8491,0.15,110.75,-0.02
2018-05-19,8247.179688,4712399872,6.38,0.0,0.8491,0.0,110.75,0.0
2018-05-20,8513.25,5191059968,6.38,0.0,0.8491,0.0,110.75,0.0
2018-05-21,8418.990234,5154990080,6.3835,0.05,0.8481,-0.12,111.06,0.28
2018-05-22,8041.779785,5137010176,6.3675,-0.25,0.8489,0.09,110.89,-0.15
2018-05-23,7557.819823999999,6491120128,6.3885,0.33,0.855,0.72,110.08,-0.73
2018-05-24,7587.339844,6049220096,6.3783,-0.16,0.8532,-0.21,109.25,-0.75
2018-05-25,7480.140137,4867829760,6.3918,0.21,0.8582,0.59,109.39,0.13
2018-05-26,7355.879883,4051539968,6.3918,0.0,0.8582,0.0,109.39,0.0
2018-05-27,7368.220215,4056519936,6.3918,0.0,0.8582,0.0,109.39,0.0
2018-05-28,7135.990234000001,5040600064,6.3993,0.12,0.8603,0.24,109.42,0.03
2018-05-29,7472.589844,5662660096,6.4176,0.29,0.8666,0.73,108.77,-0.59
2018-05-30,7406.52002,4922540032,6.419,0.02,0.8575,-1.05,108.91,0.13
2018-05-31,7494.169922,5127130112,6.4103,-0.14,0.8552,-0.27,108.82,-0.08
2018-06-01,7541.450195,4921460224,6.4204,0.16,0.8576,0.28,109.55,0.67
2018-06-02,7643.450195,4939299840,6.4204,0.0,0.8576,0.0,109.55,0.0
2018-06-03,7720.25,4851760128,6.4204,0.0,0.8576,0.0,109.55,0.0
2018-06-04,7514.470215,4993169920,6.41,-0.16,0.8548,-0.33,109.81,0.24
2018-06-05,7633.759765999999,4961739776,6.4061,-0.06,0.8534,-0.16,109.8,-0.01
2018-06-06,7653.97998,4692259840,6.3884,-0.28,0.8494,-0.47,110.17,0.34
2018-06-07,7678.240234000001,4485799936,6.3921,0.06,0.8476,-0.21,109.7,-0.43
2018-06-08,7624.919922,4227579904,6.4066,0.23,0.8498,0.26,109.55,-0.14
2018-06-09,7531.97998,3845220096,6.4066,0.0,0.8498,0.0,109.55,0.0
2018-06-10,6786.02002,5804839936,6.4066,0.0,0.8498,0.0,109.55,0.0
2018-06-11,6906.919922,4745269760,6.4017,-0.08,0.8487,-0.13,110.03,0.44
2018-06-12,6582.359863000001,4654380032,6.4028,0.02,0.8515,0.33,110.38,0.32
2018-06-13,6349.899902,5052349952,6.3983,-0.07,0.8481,-0.4,110.34,-0.04
2018-06-14,6675.350098,5138710016,6.4017,0.05,0.8643,1.91,110.63,0.26
2018-06-15,6456.580078,3955389952,6.4394,0.59,0.8614,-0.34,110.67,0.04
2018-06-16,6550.160156,3194170112,6.4394,0.0,0.8614,0.0,110.67,0.0
2018-06-17,6499.27002,3104019968,6.4394,0.0,0.8614,0.0,110.67,0.0
2018-06-18,6734.819823999999,4039200000,6.4394,0.0,0.8603,-0.13,110.55,-0.11
2018-06-19,6769.939941,4057029888,6.4852,0.71,0.8629,0.3,110.06,-0.44
2018-06-20,6776.549805,3888640000,6.4737,-0.18,0.8641,0.14,110.36,0.27
2018-06-21,6729.740234000001,3529129984,6.4932,0.3,0.8619,-0.25,110.0,-0.33
2018-06-22,6083.689941,5079810048,6.5058,0.19,0.8579,-0.46,109.97,-0.03
2018-06-23,6162.47998,3431360000,6.5058,0.0,0.8579,0.0,109.97,0.0
2018-06-24,6173.22998,4566909952,6.5058,0.0,0.8579,0.0,109.97,0.0
2018-06-25,6249.180176,5500810240,6.54,0.53,0.8545,-0.4,109.78,-0.17
2018-06-26,6093.669922,3279759872,6.5793,0.6,0.8586,0.48,110.06,0.26
2018-06-27,6157.129883,3296219904,6.6047,0.39,0.8656,0.82,110.26,0.18
2018-06-28,5903.439941,3467800064,6.627000000000001,0.34,0.8643,-0.15,110.5,0.22
2018-06-29,6218.299805,3966230016,6.621,-0.09,0.8558,-0.98,110.68,0.16
2018-06-30,6404.0,4543860224,6.621,0.0,0.8558,0.0,110.68,0.0
2018-07-01,6385.819824,4788259840,6.621,0.0,0.8558,0.0,110.68,0.0
2018-07-02,6614.180176,4396930048,6.667999999999999,0.71,0.8591,0.39,110.89,0.19
2018-07-03,6529.589844,4672309760,6.6425,-0.38,0.8579,-0.14,110.59,-0.27
2018-07-04,6597.549805,4176689920,6.6325,-0.15,0.8579,0.0,110.47,-0.11
2018-07-05,6639.140136999999,4999240192,6.6371,0.07,0.8554,-0.29,110.62,0.14
2018-07-06,6673.5,4313959936,6.6436,0.1,0.8512,-0.49,110.46,-0.14
2018-07-07,6856.930176000001,3961080064,6.6436,0.0,0.8512,0.0,110.46,0.0
2018-07-08,6773.879883,3386210048,6.6436,0.0,0.8512,0.0,110.46,0.0
2018-07-09,6741.75,3718129920,6.6161,-0.41,0.8509,-0.04,110.85,0.35
2018-07-10,6329.950195,4052430080,6.6299,0.21,0.8515,0.07,111.0,0.14
2018-07-11,6394.709961,3644859904,6.6812,0.77,0.8567,0.61,112.02,0.92
2018-07-12,6228.810059,3770170112,6.6677,-0.2,0.8567,0.0,112.56,0.48
2018-07-13,6238.049805,3805400064,6.6917,0.36,0.8558,-0.11,112.38,-0.16
2018-07-14,6276.120117,2923670016,6.6917,0.0,0.8558,0.0,112.38,0.0
2018-07-15,6359.640136999999,3285459968,6.6917,0.0,0.8558,0.0,112.38,0.0
2018-07-16,6741.75,4725799936,6.6911,-0.01,0.8539,-0.22,112.3,-0.07
2018-07-17,7321.040039,5961950208,6.7065,0.23,0.8576,0.43,112.87,0.51
2018-07-18,7370.779785,6103410176,6.7196,0.2,0.8592,0.19,112.86,-0.01
2018-07-19,7466.859863,5111629824,6.7751,0.83,0.8589,-0.03,112.47,-0.35
2018-07-20,7354.129883,4936869888,6.7709,-0.06,0.8532,-0.66,111.41,-0.94
2018-07-21,7419.290039,3726609920,6.7709,0.0,0.8532,0.0,111.41,0.0
2018-07-22,7418.490234000001,3695460096,6.7709,0.0,0.8532,0.0,111.41,0.0
2018-07-23,7711.109863,5132480000,6.792999999999999,0.33,0.8552,0.23,111.34,-0.06
2018-07-24,8424.269531,7277689856,6.7915,-0.02,0.8558,0.07,111.2,-0.13
2018-07-25,8181.390137,5845400064,6.7697,-0.32,0.8527,-0.36,110.97,-0.21
2018-07-26,7951.580078,4899089920,6.7927,0.34,0.8589,0.73,111.22,0.23
2018-07-27,8165.009765999999,5195879936,6.8137,0.31,0.8579,-0.12,111.05,-0.15
2018-07-28,8192.150391,3988750080,6.8137,0.0,0.8579,0.0,111.05,0.0
2018-07-29,8218.459961,4107190016,6.8137,0.0,0.8579,0.0,111.05,0.0
2018-07-30,8180.47998,5551400000,6.815,0.02,0.8542,-0.43,111.07,0.02
2018-07-31,7780.439941,5287530000,6.8127,-0.03,0.8554,0.14,111.88,0.73
2018-08-01,7624.910156,4797620000,6.8227,0.15,0.8577,0.27,111.72,-0.14
2018-08-02,7567.149901999999,4214110000,6.8428,0.29,0.8632,0.64,111.66,-0.05
2018-08-03,7434.390137,4627150000,6.8332,-0.14,0.8645,0.15,111.27,-0.35
2018-08-04,7032.850098000001,4268390000,6.8332,0.0,0.8645,0.0,111.27,0.0
2018-08-05,7068.47998,3679110000,6.8332,0.0,0.8645,0.0,111.27,0.0
2018-08-06,6951.799805,3925900000,6.8535,0.3,0.8656,0.13,111.41,0.13
2018-08-07,6753.120117,4682800000,6.8318,-0.32,0.8621,-0.4,111.39,-0.02
2018-08-08,6305.799805,5064430000,6.8357,0.06,0.8612,-0.1,110.98,-0.37
2018-08-09,6568.22998,4267040000,6.821000000000001,-0.22,0.8676,0.74,111.08,0.09
2018-08-10,6184.709961,4528680000,6.8472,0.38,0.8763,1.0,110.94,-0.13
2018-08-11,6295.72998,4047850000,6.8472,0.0,0.8763,0.0,110.94,0.0
2018-08-12,6322.689941,5665250000,6.8472,0.0,0.8763,0.0,110.94,0.0
2018-08-13,6297.569824,4083980000,6.8913,0.64,0.8765,0.02,110.73,-0.19
2018-08-14,6199.709961,5301700000,6.8842,-0.1,0.8815,0.57,111.16,0.39
2018-08-15,6308.52002,4895450000,6.9348,0.74,0.8814,-0.01,110.75,-0.37
2018-08-16,6334.72998,4328420000,6.8825,-0.75,0.879,-0.27,110.89,0.13
2018-08-17,6580.629883,4992990000,6.8775,-0.07,0.8743,-0.53,110.5,-0.35
2018-08-18,6423.759765999999,3984520000,6.8775,0.0,0.8743,0.0,110.5,0.0
2018-08-19,6506.069824,3311170000,6.8775,0.0,0.8743,0.0,110.5,0.0
2018-08-20,6308.529785,3665100000,6.8578,-0.29,0.871,-0.38,110.07,-0.39
2018-08-21,6488.759765999999,3377180000,6.8472,-0.15,0.8642,-0.78,110.31,0.22
2018-08-22,6376.709961,4668110000,6.8418,-0.08,0.8623,-0.22,110.56,0.23
2018-08-23,6534.879883,3426180000,6.8777,0.52,0.8666,0.5,111.3,0.67
2018-08-24,6719.959961,4097820000,6.807,-1.03,0.8605,-0.7,111.23,-0.06
2018-08-25,6763.189941,3312600000,6.807,0.0,0.8605,0.0,111.23,0.0
2018-08-26,6707.259765999999,3295500000,6.807,0.0,0.8605,0.0,111.23,0.0
2018-08-27,6884.640137,4019000000,6.8156,0.13,0.8563,-0.49,111.08,-0.13
2018-08-28,7096.279785,4659940000,6.803,-0.18,0.855,-0.15,111.19,0.1
2018-08-29,7047.160156,4145880000,6.8213,0.27,0.8541,-0.11,111.67,0.43
2018-08-30,6978.22998,4463250000,6.8445,0.34,0.8569,0.33,110.98,-0.62
2018-08-31,7037.580078,4495650000,6.8315,-0.19,0.8619,0.58,111.04,0.05
2018-09-01,7193.25,4116050000,6.8315,0.0,0.8619,0.0,111.04,0.0
2018-09-02,7272.720215,4329540000,6.8315,0.0,0.8619,0.0,111.04,0.0
2018-09-03,7260.060059,4087760000,6.8228,-0.13,0.8603,-0.19,111.08,0.04
2018-09-04,7361.660156,4273640000,6.8442,0.31,0.8634,0.36,111.45,0.33
2018-09-05,6792.830078,5800460000,6.8305,-0.2,0.8599,-0.41,111.53,0.07
2018-09-06,6529.169922,5523470000,6.8355,0.07,0.8605,0.07,110.75,-0.7
2018-09-07,6467.069824,4264680000,6.8438,0.12,0.8656,0.59,111.08,0.3
2018-09-08,6225.97998,3835060000,6.8438,0.0,0.8656,0.0,111.08,0.0
2018-09-09,6300.859863000001,3671890000,6.8438,0.0,0.8656,0.0,111.08,0.0
2018-09-10,6329.700195,3714100000,6.8556,0.17,0.8626,-0.35,111.12,0.04
2018-09-11,6321.200195,3849910000,6.872999999999999,0.25,0.8616,-0.12,111.64,0.47
2018-09-12,6351.799805,4064230000,6.8606,-0.18,0.8601,-0.17,111.27,-0.33
2018-09-13,6517.310059,4210910000,6.8448,-0.23,0.8555,-0.53,111.92,0.58
2018-09-14,6512.709961,4076220000,6.869,0.35,0.8598,0.5,112.06,0.13
2018-09-15,6543.200195,3216300000,6.869,0.0,0.8598,0.0,112.06,0.0
2018-09-16,6517.180176,3273730000,6.869,0.0,0.8598,0.0,112.06,0.0
2018-09-17,6281.200195,3910780000,6.857,-0.17,0.8559,-0.45,111.84,-0.2
2018-09-18,6371.299805,4180090000,6.8616,0.07,0.857,0.13,112.36,0.46
2018-09-19,6398.540039,4431340000,6.8483,-0.19,0.8567,-0.04,112.28,-0.07
2018-09-20,6519.669922,4348110000,6.8468,-0.02,0.8491,-0.89,112.5,0.2
2018-09-21,6734.950195,6531940000,6.8571,0.15,0.851,0.22,112.58,0.07
2018-09-22,6721.97998,4509660000,6.8571,0.0,0.851,0.0,112.58,0.0
2018-09-23,6710.629883,4197500000,6.8571,0.0,0.851,0.0,112.58,0.0
2018-09-24,6595.410156,4177310000,6.8571,0.0,0.8512,0.02,112.81,0.2
2018-09-25,6446.470215,4726180000,6.8665,0.14,0.8495,-0.2,112.97,0.14
2018-09-26,6495.0,4437300000,6.8786,0.18,0.8518,0.27,112.73,-0.21
2018-09-27,6676.75,4606810000,6.8902,0.17,0.8590000000000001,0.85,113.38,0.58
2018-09-28,6644.129883,5014430000,6.8689,-0.31,0.8614,0.28,113.69,0.27
2018-09-29,6601.959961,4363690000,6.8689,0.0,0.8614,0.0,113.69,0.0
2018-09-30,6625.560059,4002280000,6.8689,0.0,0.8614,0.0,113.69,0.0
2018-10-01,6589.620117,4000970000,6.8689,0.0,0.8638,0.28,113.92,0.2
2018-10-02,6556.100098,3979260000,6.8689,0.0,0.8659,0.24,113.67,-0.22
2018-10-03,6502.589844,3887310000,6.8689,0.0,0.8712,0.61,114.53,0.76
2018-10-04,6576.689941,3838410000,6.8689,0.0,0.8685,-0.31,113.92,-0.53
2018-10-05,6622.47998,3671500000,6.8689,0.0,0.8678,-0.08,113.72,-0.18
2018-10-06,6588.310059,3259740000,6.8689,0.0,0.8678,0.0,113.72,0.0
2018-10-07,6602.950195,3306630000,6.8689,0.0,0.8678,0.0,113.72,0.0
2018-10-08,6652.22998,3979460000,6.9307,0.9,0.8701,0.27,113.23,-0.43
2018-10-09,6642.640136999999,3580810000,6.9227,-0.12,0.8703,0.02,112.95,-0.25
2018-10-10,6585.529785,3787650000,6.9242,0.02,0.868,-0.26,112.28,-0.59
2018-10-11,6256.240234000001,5181640000,6.8899,-0.5,0.8625,-0.63,112.17,-0.1
2018-10-12,6274.580078,3783500000,6.9225,0.47,0.8649,0.28,112.2,0.03
2018-10-13,6285.990234000001,3064030000,6.9225,0.0,0.8649,0.0,112.2,0.0
2018-10-14,6290.930176,3085320000,6.9225,0.0,0.8649,0.0,112.2,0.0
2018-10-15,6596.540039,7370770000,6.9168,-0.08,0.8637,-0.14,111.78,-0.37
2018-10-16,6596.109863000001,4074800000,6.912000000000001,-0.07,0.8640000000000001,0.03,112.25,0.42
2018-10-17,6544.430176,4088420000,6.9275,0.22,0.8694,0.63,112.65,0.36
2018-10-18,6476.709961,3924080000,6.9376,0.15,0.8731,0.43,112.19,-0.41
2018-10-19,6465.410156,3578870000,6.9297,-0.11,0.8685,-0.53,112.55,0.32
2018-10-20,6489.189941,3379130000,6.9297,0.0,0.8685,0.0,112.55,0.0
2018-10-21,6482.350098,3253610000,6.9297,0.0,0.8685,0.0,112.55,0.0
2018-10-22,6487.160156,3672860000,6.9474,0.26,0.8722,0.43,112.83,0.25
2018-10-23,6475.740234000001,3716150000,6.9383,-0.13,0.8717,-0.06,112.44,-0.35
2018-10-24,6495.839844,3424670000,6.944,0.08,0.8778,0.7,112.26,-0.16
2018-10-25,6476.290039,3230550000,6.9489,0.07,0.8791,0.15,112.42,0.14
2018-10-26,6474.75,3306050000,6.9435,-0.08,0.8768,-0.26,111.91,-0.45
2018-10-27,6480.379883,3393250000,6.9435,0.0,0.8768,0.0,111.91,0.0
2018-10-28,6486.390136999999,3445190000,6.9435,0.0,0.8768,0.0,111.91,0.0
2018-10-29,6332.629883,4199910000,6.9619,0.26,0.8793,0.29,112.38,0.42
2018-10-30,6334.27002,3781100000,6.9672,0.08,0.8814,0.24,113.09,0.63
2018-10-31,6317.609863000001,4191240000,6.9756,0.12,0.8841,0.31,112.94,-0.13
2018-11-01,6377.779785,3789400000,6.9234,-0.75,0.8765,-0.86,112.72,-0.19
2018-11-02,6388.439941,4234870000,6.8907,-0.47,0.8781,0.18,113.2,0.43
2018-11-03,6361.259765999999,3658640000,6.8907,0.0,0.8781,0.0,113.2,0.0
2018-11-04,6376.129883,4390020000,6.8907,0.0,0.8781,0.0,113.2,0.0
2018-11-05,6419.660156,4174800000,6.9257,0.51,0.8767,-0.16,113.19,-0.01
2018-11-06,6461.009765999999,4700040000,6.9195,-0.09,0.8751,-0.18,113.44,0.22
2018-11-07,6530.140136999999,4941260000,6.92,0.01,0.8752,0.01,113.53,0.08
2018-11-08,6453.720215,4665260000,6.9345,0.21,0.88,0.55,114.06,0.47
2018-11-09,6385.620117,4346820000,6.9568,0.32,0.8821,0.24,113.83,-0.2
2018-11-10,6409.220215,3705320000,6.9568,0.0,0.8821,0.0,113.83,0.0
2018-11-11,6411.27002,3939060000,6.9568,0.0,0.8821,0.0,113.83,0.0
2018-11-12,6371.27002,4295770000,6.9635,0.1,0.8914,1.05,113.83,0.0
2018-11-13,6359.490234000001,4503800000,6.956,-0.11,0.8857,-0.64,113.81,-0.02
2018-11-14,5738.350098,7398940000,6.9505,-0.08,0.8841,-0.18,113.62,-0.17
2018-11-15,5648.029785,7032140000,6.9393,-0.16,0.8828,-0.15,113.64,0.02
2018-11-16,5575.549805,5279320000,6.938,-0.02,0.8757,-0.8,112.83,-0.71
2018-11-17,5554.330078,4303150000,6.938,0.0,0.8757,0.0,112.83,0.0
2018-11-18,5623.540039,4159680000,6.938,0.0,0.8757,0.0,112.83,0.0
2018-11-19,4871.490234000001,7039560000,6.942,0.06,0.8731,-0.3,112.56,-0.24
2018-11-20,4451.870117,8428290000,6.9452,0.05,0.8794,0.72,112.77,0.19
2018-11-21,4602.169922,6120120000,6.9270000000000005,-0.26,0.8783,-0.13,113.06,0.26
2018-11-22,4365.939941,4569370000,6.9319,0.07,0.8766,-0.19,112.94,-0.11
2018-11-23,4347.109863000001,4871490000,6.9485,0.24,0.8817,0.58,112.95,0.01
2018-11-24,3880.76001,4679500000,6.9485,0.0,0.8817,0.0,112.95,0.0
2018-11-25,4009.969971,6825640000,6.9485,0.0,0.8817,0.0,112.95,0.0
2018-11-26,3779.1298829999996,6476900000,6.9408,-0.11,0.8828,0.12,113.59,0.57
2018-11-27,3820.719971,5998720000,6.9515,0.15,0.8859,0.35,113.78,0.17
2018-11-28,4257.419922,7280280000,6.9539,0.03,0.8798,-0.69,113.69,-0.08
2018-11-29,4278.84668,6503347767,6.9425,-0.16,0.8778,-0.23,113.48,-0.18
2018-11-30,4017.2685549999997,6048016716,6.9605,0.26,0.8837,0.67,113.47,-0.01
2018-12-01,4214.671875,5375314093,6.9605,0.0,0.8837,0.0,113.47,0.0
2018-12-02,4139.87793,5262697895,6.9605,0.0,0.8837,0.0,113.47,0.0
2018-12-03,3894.1308590000003,5089570993,6.882999999999999,-1.11,0.8808,-0.33,113.67,0.18
2018-12-04,3956.8937990000004,5028069239,6.8373,-0.66,0.8814,0.07,112.78,-0.78
2018-12-05,3753.9948729999996,5302481573,6.8567,0.28,0.8814,0.0,113.19,0.36
2018-12-06,3521.101807,5878333109,6.8827,0.38,0.8791,-0.26,112.67,-0.46
2018-12-07,3419.937256,6835615448,6.8757,-0.1,0.8789,-0.02,112.73,0.05
2018-12-08,3476.114746,5305024497,6.8757,0.0,0.8789,0.0,112.73,0.0
2018-12-09,3614.234375,4947372847,6.8757,0.0,0.8789,0.0,112.73,0.0
2018-12-10,3502.656006,5020968740,6.9117,0.52,0.8806,0.19,113.34,0.54
2018-12-11,3424.588135,4696765187,6.9,-0.17,0.8836,0.34,113.39,0.04
2018-12-12,3486.9501950000003,4139364828,6.88,-0.29,0.8797,-0.44,113.28,-0.1
2018-12-13,3313.677246,4343372456,6.8816,0.02,0.88,0.03,113.64,0.32
2018-12-14,3242.4848629999997,4372763663,6.9077,0.38,0.8842,0.48,113.39,-0.22
2018-12-15,3236.761719,3551763561,6.9077,0.0,0.8842,0.0,113.39,0.0
2018-12-16,3252.839111,3744248994,6.9077,0.0,0.8842,0.0,113.39,0.0
2018-12-17,3545.864746,5409247918,6.8972,-0.15,0.8812,-0.34,112.83,-0.49
2018-12-18,3696.059082,5911325472,6.8951,-0.03,0.8801,-0.12,112.53,-0.27
2018-12-19,3745.9506840000004,6810689118,6.8922,-0.04,0.879,-0.12,112.48,-0.04
2018-12-20,4134.441406,8927129279,6.8851,-0.1,0.8737,-0.6,111.28,-1.07
2018-12-21,3896.5437009999996,7206015706,6.9065,0.31,0.8793,0.64,111.22,-0.05
2018-12-22,4014.1826170000004,5605823232,6.9065,0.0,0.8793,0.0,111.22,0.0
2018-12-23,3998.980225,6151275489,6.9065,0.0,0.8793,0.0,111.22,0.0
2018-12-24,4078.599121,7240968501,6.8991,-0.11,0.8772,-0.24,110.45,-0.69
2018-12-25,3815.490723,6158207293,6.8872,-0.17,0.8801,0.33,110.28,-0.15
2018-12-26,3857.297607,5326547918,6.8854,-0.03,0.8809,0.09,111.36,0.98
2018-12-27,3654.833496,5130222366,6.8663,-0.28,0.8749,-0.68,111.0,-0.32
2018-12-28,3923.9187009999996,5631554348,6.8785,0.18,0.8739,-0.11,110.28,-0.65
2018-12-29,3820.4086909999996,4991655917,6.8785,0.0,0.8739,0.0,110.28,0.0
2018-12-30,3865.952637,4770578574,6.8785,0.0,0.8739,0.0,110.28,0.0
2018-12-31,3742.700439,4661840806,6.8785,0.0,0.8718,-0.24,109.58,-0.63
2019-01-01,3843.5200200000004,4324200990,6.8785,0.0,0.8722,0.05,109.72,0.13
2019-01-02,3943.4094240000004,5244856835,6.862,-0.24,0.8815,1.07,108.88,-0.77
2019-01-03,3836.741211,4530215218,6.872000000000001,0.15,0.8777,-0.43,107.67,-1.11
2019-01-04,3857.717529,4847965467,6.8692,-0.04,0.8776,-0.01,108.53,0.8
2019-01-05,3845.19458,5137609823,6.8692,0.0,0.8776,0.0,108.53,0.0
2019-01-06,4076.632568,5597027439,6.8692,0.0,0.8776,0.0,108.53,0.0
2019-01-07,4025.2482909999994,5228625637,6.851,-0.26,0.8714,-0.71,108.72,0.18
2019-01-08,4030.8479,5306593305,6.8532,0.03,0.8740000000000001,0.3,108.75,0.03
2019-01-09,4035.296387,5115905224,6.8165,-0.54,0.8664,-0.87,108.17,-0.53
2019-01-10,3678.924561,6874143795,6.7885,-0.41,0.8696,0.37,108.42,0.23
2019-01-11,3687.365479,5538712864,6.763,-0.38,0.872,0.28,108.55,0.12
2019-01-12,3661.301025,4778170882,6.763,0.0,0.872,0.0,108.55,0.0
2019-01-13,3552.953125,4681302465,6.763,0.0,0.872,0.0,108.55,0.0
2019-01-14,3706.052246,5651384489,6.768,0.07,0.8713,-0.08,108.17,-0.35
2019-01-15,3630.675293,5537192301,6.761,-0.1,0.8761,0.55,108.67,0.46
2019-01-16,3655.006836,5394457144,6.7568,-0.06,0.8772,0.13,109.09,0.39
2019-01-17,3678.563965,5464420383,6.7764,0.29,0.8776,0.05,109.24,0.14
2019-01-18,3657.8393549999996,5002961726,6.779,0.04,0.88,0.27,109.78,0.49
2019-01-19,3728.5683590000003,5955691379,6.779,0.0,0.88,0.0,109.78,0.0
2019-01-20,3601.013672,5582489559,6.779,0.0,0.88,0.0,109.78,0.0
2019-01-21,3576.032471,5004347059,6.797999999999999,0.28,0.8798,-0.02,109.67,-0.1
2019-01-22,3604.577148,5313623556,6.808,0.15,0.8803,0.06,109.38,-0.26
2019-01-23,3585.123047,5433755648,6.792000000000001,-0.24,0.8787,-0.18,109.6,0.2
2019-01-24,3600.865479,5262869046,6.7885,-0.05,0.8845,0.66,109.64,0.04
2019-01-25,3599.765869,5265847538,6.7473,-0.61,0.8767,-0.88,109.55,-0.08
2019-01-26,3602.460449,5098183234,6.7473,0.0,0.8767,0.0,109.55,0.0
2019-01-27,3583.9658200000003,5570752966,6.7473,0.0,0.8767,0.0,109.55,0.0
2019-01-28,3470.450439,6908930483,6.7453,-0.03,0.8751,-0.18,109.36,-0.17
2019-01-29,3448.116943,5897159492,6.7329,-0.18,0.8748,-0.03,109.39,0.03
2019-01-30,3486.1816409999997,5955112626,6.7165,-0.24,0.8712,-0.41,109.03,-0.33
2019-01-31,3457.792725,5831198270,6.7008,-0.23,0.8736,0.28,108.88,-0.14
2019-02-01,3487.945313,5422926707,6.7448,0.66,0.873,-0.07,109.5,0.57
2019-02-02,3521.0607909999994,5071623600,6.7448,0.0,0.873,0.0,109.5,0.0
2019-02-03,3464.013428,5043937583,6.7448,0.0,0.873,0.0,109.5,0.0
2019-02-04,3459.154053,5332718886,6.7448,0.0,0.8742,0.14,109.89,0.36
2019-02-05,3466.357422,5227549544,6.7448,0.0,0.8761,0.22,109.97,0.07
2019-02-06,3413.767822,5482196037,6.7448,0.0,0.8801,0.46,109.97,0.0
2019-02-07,3399.4716799999997,5004962682,6.7448,0.0,0.8813,0.14,109.81,-0.15
2019-02-08,3666.780273,7735623101,6.7448,0.0,0.8826,0.15,109.73,-0.07
2019-02-09,3671.203613,6158833644,6.7448,0.0,0.8826,0.0,109.73,0.0
2019-02-10,3690.188232,6282256902,6.7448,0.0,0.8826,0.0,109.73,0.0
2019-02-11,3648.430664,6277056433,6.7923,0.7,0.8869,0.49,110.38,0.59
2019-02-12,3653.528564,6480384531,6.774,-0.27,0.883,-0.44,110.48,0.09
2019-02-13,3632.070557,6438903822,6.7604,-0.2,0.888,0.57,111.0,0.47
2019-02-14,3616.8808590000003,6271044417,6.7721,0.17,0.8853,-0.3,110.48,-0.47
2019-02-15,3620.8107909999994,6091952230,6.773,0.01,0.8854,0.01,110.5,0.02
2019-02-16,3629.787598,5934744051,6.773,0.0,0.8854,0.0,110.5,0.0
2019-02-17,3673.836182,7039512502,6.773,0.0,0.8854,0.0,110.5,0.0
2019-02-18,3915.7143549999996,9908216640,6.7667,-0.09,0.8841,-0.15,110.62,0.11
2019-02-19,3947.094482,9933626654,6.7587,-0.12,0.8818,-0.26,110.62,0.0
2019-02-20,3999.820557,8693373948,6.7213,-0.55,0.8821,0.03,110.86,0.22
2019-02-21,3954.118164,7775128102,6.7198,-0.02,0.8821,0.0,110.7,-0.14
2019-02-22,4005.526611,7826525254,6.7142,-0.08,0.8816,-0.06,110.69,-0.01
2019-02-23,4142.526855,8922258315,6.7142,0.0,0.8816,0.0,110.69,0.0
2019-02-24,3810.42749,10794227451,6.7142,0.0,0.8816,0.0,110.69,0.0
2019-02-25,3882.696289,9318796066,6.6894,-0.37,0.8803,-0.15,111.06,0.33
2019-02-26,3854.35791,7931218996,6.7002,0.16,0.8774,-0.33,110.58,-0.43
2019-02-27,3851.047363,8301309684,6.6872,-0.19,0.8796,0.25,111.0,0.38
2019-02-28,3854.7854,8399767798,6.6941,0.1,0.8794,-0.02,111.39,0.35
2019-03-01,3859.58374,7661247975,6.7064,0.18,0.879,-0.05,111.92,0.48
2019-03-02,3864.415039,7578786075,6.7064,0.0,0.879,0.0,111.92,0.0
2019-03-03,3847.1757810000004,7253558152,6.7064,0.0,0.879,0.0,111.92,0.0
2019-03-04,3761.557129,9029175787,6.7073,0.01,0.8819,0.33,111.75,-0.15
2019-03-05,3896.375,10174126414,6.7076,0.0,0.8843,0.27,111.89,0.13
2019-03-06,3903.9426270000004,9175291528,6.7119,0.06,0.8844,0.01,111.77,-0.11
2019-03-07,3911.484375,9584165518,6.7149,0.04,0.8933,1.01,111.59,-0.16
2019-03-08,3901.131592,10638638944,6.7216,0.1,0.8896,-0.41,111.17,-0.38
2019-03-09,3963.313721,10796103518,6.7216,0.0,0.8896,0.0,111.17,0.0
2019-03-10,3951.599854,9713267606,6.7216,0.0,0.8896,0.0,111.17,0.0
2019-03-11,3905.227295,10125901902,6.7265,0.07,0.8889,-0.08,111.2,0.03
2019-03-12,3909.15625,9809887079,6.7085,-0.27,0.8859,-0.34,111.36,0.14
2019-03-13,3906.717285,9469184841,6.7071,-0.02,0.8829,-0.34,111.17,-0.17
2019-03-14,3924.3691409999997,10480789569,6.723,0.24,0.8847,0.2,111.72,0.49
2019-03-15,3960.9111329999996,9394210604,6.7138,-0.14,0.883,-0.19,111.47,-0.22
2019-03-16,4048.72583,9856166973,6.7138,0.0,0.883,0.0,111.47,0.0
2019-03-17,4025.229004,8221625399,6.7138,0.0,0.883,0.0,111.47,0.0
2019-03-18,4032.507324,9646954186,6.712999999999999,-0.01,0.8821,-0.1,111.42,-0.04
2019-03-19,4071.190186,9344919956,6.7119,-0.02,0.8809,-0.14,111.39,-0.03
2019-03-20,4087.476318,10175916388,6.6946,-0.26,0.8761,-0.54,110.69,-0.63
2019-03-21,4029.326904,10831212661,6.6993,0.07,0.8792,0.35,110.81,0.11
2019-03-22,4023.968262,9252935969,6.7181,0.28,0.8839,0.53,109.92,-0.8
2019-03-23,4035.8264159999994,9578850549,6.7181,0.0,0.8839,0.0,109.92,0.0
2019-03-24,4022.1682130000004,9144851064,6.7181,0.0,0.8839,0.0,109.92,0.0
2019-03-25,3963.070557,10359818882,6.7094,-0.13,0.884,0.01,109.97,0.05
2019-03-26,3985.080811,10707678814,6.7157,0.09,0.8877,0.42,110.64,0.61
2019-03-27,4087.0661619999996,10897131934,6.7271,0.17,0.8893,0.18,110.52,-0.11
2019-03-28,4069.107178,9353915899,6.739,0.18,0.8905,0.13,110.64,0.11
2019-03-29,4098.374511999999,10918665556,6.712000000000001,-0.4,0.8914,0.1,110.86,0.2
2019-03-30,4106.660156,9732688060,6.712000000000001,0.0,0.8914,0.0,110.86,0.0
2019-03-31,4105.404297,9045122442,6.712000000000001,0.0,0.8914,0.0,110.86,0.0
2019-04-01,4158.183105,10157794170,6.7115,-0.01,0.8918,0.04,111.36,0.45
2019-04-02,4879.87793,21315047816,6.7233,0.18,0.8924,0.07,111.33,-0.03
2019-04-03,4973.021973,22899891582,6.7114,-0.18,0.8901,-0.26,111.48,0.13
2019-04-04,4922.798828,18251810239,6.7174,0.09,0.8912,0.12,111.67,0.17
2019-04-05,5036.681152,16837325387,6.718999999999999,0.02,0.8915,0.03,111.73,0.05
2019-04-06,5059.817383,16929795193,6.718999999999999,0.0,0.8915,0.0,111.73,0.0
2019-04-07,5198.896973,16655416140,6.718999999999999,0.0,0.8915,0.0,111.73,0.0
2019-04-08,5289.770996,17154113634,6.7164,-0.04,0.8881,-0.38,111.48,-0.22
2019-04-09,5204.958496,14722104361,6.7119,-0.07,0.8879,-0.02,111.14,-0.3
2019-04-10,5324.551758,15504590933,6.716,0.06,0.8871,-0.09,111.02,-0.11
2019-04-11,5064.487793,16555616019,6.7194,0.05,0.8887,0.18,111.67,0.59
2019-04-12,5089.539063,13675206312,6.7044,-0.22,0.8848,-0.44,112.03,0.32
2019-04-13,5096.586426,10823289598,6.7044,0.0,0.8848,0.0,112.03,0.0
2019-04-14,5167.722168,10391952498,6.7044,0.0,0.8848,0.0,112.03,0.0
2019-04-15,5067.108397999999,12290155060,6.7086,0.06,0.8842,-0.07,112.03,0.0
2019-04-16,5235.55957,11618660197,6.7122,0.05,0.8864,0.25,112.0,-0.03
2019-04-17,5251.937988000001,12438480676,6.6882,-0.36,0.8852,-0.14,112.06,0.05
2019-04-18,5298.385742,13256489918,6.7091,0.31,0.8904,0.59,111.97,-0.08
2019-04-19,5303.8125,13780238655,6.7042,-0.07,0.889,-0.16,111.92,-0.04
2019-04-20,5337.88623,13169647522,6.7042,0.0,0.889,0.0,111.92,0.0
2019-04-21,5314.53125,13731844222,6.7042,0.0,0.889,0.0,111.92,0.0
2019-04-22,5399.365234000001,14601631647,6.712000000000001,0.12,0.8881,-0.1,111.94,0.02
2019-04-23,5572.361816,15867308107,6.7259,0.21,0.8906,0.28,111.86,-0.07
2019-04-24,5464.866699,17048033399,6.7219,-0.06,0.8965,0.66,112.19,0.3
2019-04-25,5210.515625,15330283408,6.7431,0.32,0.8983,0.2,111.64,-0.49
2019-04-26,5279.348145,16812108039,6.7298,-0.2,0.897,-0.14,111.59,-0.04
2019-04-27,5268.291015999999,13111274675,6.7298,0.0,0.897,0.0,111.59,0.0
2019-04-28,5285.13916,12819992055,6.7298,0.0,0.897,0.0,111.59,0.0
2019-04-29,5247.352539,13735490672,6.7336,0.06,0.894,-0.33,111.64,0.04
2019-04-30,5350.726563,13878964573,6.7349,0.02,0.8917,-0.26,111.42,-0.2
2019-05-01,5402.697265999999,13679528236,6.7349,0.0,0.8931,0.16,111.39,-0.03
2019-05-02,5505.283691,14644460907,6.7346,0.0,0.8946,0.17,111.52,0.12
2019-05-03,5768.289551,18720780005,6.7346,0.0,0.8927,-0.21,111.11,-0.37
2019-05-04,5831.16748,17567780765,6.7346,0.0,0.8927,0.0,111.11,0.0
2019-05-05,5795.708496,14808830722,6.7346,0.0,0.8927,0.0,111.11,0.0
2019-05-06,5746.807129,15737171804,6.7645,0.44,0.893,0.03,110.78,-0.3
2019-05-07,5829.501465,18026409032,6.7769,0.18,0.8936,0.07,110.25,-0.48
2019-05-08,5982.45752,15320605299,6.7828,0.09,0.8935,-0.01,110.11,-0.13
2019-05-09,6174.528809,16784645410,6.8274,0.66,0.8915,-0.22,109.76,-0.32
2019-05-10,6378.849121,19419875367,6.824,-0.05,0.8901,-0.16,109.94,0.16
2019-05-11,7204.771484000001,28867562329,6.824,0.0,0.8901,0.0,109.94,0.0
2019-05-12,6972.371581999999,27773333679,6.824,0.0,0.8901,0.0,109.94,0.0
2019-05-13,7814.915039,28677672181,6.8784,0.8,0.8909999999999999,0.1,109.31,-0.57
2019-05-14,7994.416015999999,32031452226,6.876,-0.03,0.8919,0.1,109.61,0.27
2019-05-15,8205.167969,28344112919,6.8761,0.0,0.8927,0.09,109.59,-0.02
2019-05-16,7884.90918,33167197581,6.8838,0.11,0.895,0.26,109.86,0.25
2019-05-17,7343.895508,30066644905,6.9187,0.51,0.8961,0.12,110.08,0.2
2019-05-18,7271.208008,21354286561,6.9187,0.0,0.8961,0.0,110.08,0.0
2019-05-19,8197.689453,25902422039,6.9187,0.0,0.8961,0.0,110.08,0.0
2019-05-20,7978.309081999999,23843404339,6.9123,-0.09,0.8952,-0.1,110.06,-0.02
2019-05-21,7963.327637,25127245056,6.9023,-0.14,0.8959999999999999,0.09,110.5,0.4
2019-05-22,7680.066406,24719473174,6.9064,0.06,0.8966,0.07,110.36,-0.13
2019-05-23,7881.84668,24457107820,6.9105,0.06,0.8944,-0.25,109.61,-0.68
2019-05-24,7987.371581999999,25919126990,6.9002,-0.15,0.8925,-0.21,109.31,-0.27
2019-05-25,8052.543945,22256813106,6.9002,0.0,0.8925,0.0,109.31,0.0
2019-05-26,8673.21582,26677970091,6.9002,0.0,0.8925,0.0,109.31,0.0
2019-05-27,8805.77832,27949839563,6.8979,-0.03,0.893,0.06,109.52,0.19
2019-05-28,8719.961914,24226919266,6.9101,0.18,0.8961,0.35,109.38,-0.13
2019-05-29,8659.487305,23473479966,6.9145,0.06,0.8984,0.26,109.59,0.19
2019-05-30,8319.472656,29246528551,6.9019,-0.18,0.8984,0.0,109.61,0.02
2019-05-31,8574.501953,25365190957,6.905,0.04,0.8942,-0.47,108.28,-1.21
2019-06-01,8564.016602,22488303543,6.905,0.0,0.8942,0.0,108.28,0.0
2019-06-02,8742.958008,20266216022,6.905,0.0,0.8942,0.0,108.28,0.0
2019-06-03,8208.995117,22004511436,6.9037,-0.02,0.8896,-0.51,108.08,-0.18
2019-06-04,7707.770995999999,24609731548,6.9083,0.07,0.8888,-0.09,108.14,0.06
2019-06-05,7824.231445,21760923463,6.9091,0.01,0.8911,0.26,108.47,0.31
2019-06-06,7822.023437999999,19474611077,6.9097,0.01,0.8869,-0.47,108.42,-0.05
2019-06-07,8043.951172,19141423230,6.9097,0.0,0.8823,-0.52,108.19,-0.21
2019-06-08,7954.12793,16522722809,6.9097,0.0,0.8823,0.0,108.19,0.0
2019-06-09,7688.077148,16610726547,6.9097,0.0,0.8823,0.0,108.19,0.0
2019-06-10,8000.32959,18689275117,6.931,0.31,0.8838,0.17,108.44,0.23
2019-06-11,7927.714355,17107279931,6.9114,-0.28,0.8825,-0.15,108.52,0.07
2019-06-12,8145.857422,19034432883,6.9177,0.09,0.8858,0.37,108.5,-0.02
2019-06-13,8230.923828,18669407147,6.9216,0.06,0.8868,0.11,108.39,-0.1
2019-06-14,8693.833008,19831162905,6.9255,0.06,0.8921,0.6,108.56,0.16
2019-06-15,8838.375,18371033226,6.9255,0.0,0.8921,0.0,108.56,0.0
2019-06-16,8994.488281,23348550310,6.9255,0.0,0.8921,0.0,108.56,0.0
2019-06-17,9320.352539,15562951918,6.9258,0.0,0.8914,-0.08,108.56,0.0
2019-06-18,9081.762695,15848210535,6.9032,-0.33,0.8934,0.22,108.45,-0.1
2019-06-19,9273.521484,15546809946,6.9036,0.01,0.8908,-0.29,108.11,-0.31
2019-06-20,9527.160156,17846823783,6.852,-0.75,0.8855,-0.59,107.31,-0.74
2019-06-21,10144.55664,20624008643,6.87,0.26,0.8797,-0.65,107.31,0.0
2019-06-22,10701.69141,29995204860,6.87,0.0,0.8797,0.0,107.31,0.0
2019-06-23,10855.37109,20998326501,6.87,0.0,0.8797,0.0,107.31,0.0
2019-06-24,11011.10254,19271652364,6.877000000000001,0.1,0.8772,-0.28,107.3,-0.01
2019-06-25,11790.91699,24879684533,6.8798,0.04,0.8799,0.31,107.19,-0.1
2019-06-26,13016.23145,45105733173,6.88,0.0,0.8796,-0.03,107.78,0.55
2019-06-27,11182.80664,39977475222,6.8771,-0.04,0.8796,0.0,107.8,0.02
2019-06-28,12407.33203,35087757765,6.8668,-0.15,0.8796,0.0,107.89,0.08
2019-06-29,11959.37109,29923961127,6.8668,0.0,0.8796,0.0,107.89,0.0
2019-06-30,10817.155270000001,27256473494,6.8668,0.0,0.8796,0.0,107.89,0.0
2019-07-01,10583.13477,29378589324,6.8517,-0.22,0.8861,0.74,108.44,0.51
2019-07-02,10801.67773,31015895222,6.8729,0.31,0.8861,0.0,107.89,-0.51
2019-07-03,11961.26953,30796494293,6.8811,0.12,0.8867,0.07,107.83,-0.06
2019-07-04,11215.4375,25920294033,6.8716,-0.14,0.8861,-0.07,107.81,-0.02
2019-07-05,10978.45996,23838480210,6.8936,0.32,0.8909,0.54,108.47,0.61
2019-07-06,11208.55078,21092024306,6.8936,0.0,0.8909,0.0,108.47,0.0
2019-07-07,11450.84668,19369044276,6.8936,0.0,0.8909,0.0,108.47,0.0
2019-07-08,12285.95801,23482551458,6.8819,-0.17,0.8918,0.1,108.72,0.23
2019-07-09,12573.8125,28167921522,6.888,0.09,0.8922,0.04,108.86,0.13
2019-07-10,12156.5127,33627574244,6.8729,-0.22,0.8889,-0.37,108.47,-0.36
2019-07-11,11358.66211,28595327690,6.8702,-0.04,0.8886,-0.03,108.5,0.03
2019-07-12,11815.98633,23534692796,6.8808,0.15,0.8872,-0.16,107.91,-0.54
2019-07-13,11392.37891,21042616383,6.8808,0.0,0.8872,0.0,107.91,0.0
2019-07-14,10256.05859,22486000001,6.8808,0.0,0.8872,0.0,107.91,0.0
2019-07-15,10895.08984,25384047206,6.8777,-0.05,0.8882,0.11,107.92,0.01
2019-07-16,9477.641602,24151199069,6.8762,-0.02,0.892,0.43,108.24,0.3
2019-07-17,9693.802734,24569921548,6.8736,-0.04,0.8909999999999999,-0.11,107.94,-0.28
2019-07-18,10666.48242,25187024648,6.88,0.09,0.8868,-0.47,107.3,-0.59
2019-07-19,10530.73242,20727426309,6.8822,0.03,0.8911,0.48,107.72,0.39
2019-07-20,10767.13965,20206615154,6.8822,0.0,0.8911,0.0,107.72,0.0
2019-07-21,10599.10547,17130580467,6.8822,0.0,0.8911,0.0,107.72,0.0
2019-07-22,10343.10645,16334414913,6.8811,-0.02,0.8921,0.11,107.88,0.15
2019-07-23,9900.767578,17851916994,6.8792,-0.03,0.8966,0.5,108.22,0.32
2019-07-24,9811.925781,17398734321,6.8725,-0.1,0.8976,0.11,108.19,-0.03
2019-07-25,9911.841797,15821952090,6.8726,0.0,0.8971,-0.06,108.64,0.42
2019-07-26,9870.303711,14495714483,6.8792,0.1,0.8988,0.19,108.67,0.03
2019-07-27,9477.677734,16817809536,6.8792,0.0,0.8988,0.0,108.67,0.0
2019-07-28,9552.860352,13738687092,6.8792,0.0,0.8988,0.0,108.67,0.0
2019-07-29,9519.145508,13791445323,6.8934,0.21,0.8973,-0.17,108.78,0.1
2019-07-30,9607.423828,13829811132,6.8845,-0.13,0.8964,-0.1,108.61,-0.16
2019-07-31,10085.62793,16631520647,6.8841,-0.01,0.9029,0.73,108.75,0.13
2019-08-01,10399.66895,17165337857,6.8986,0.21,0.9022,-0.08,107.34,-1.3
2019-08-02,10518.174809999999,17489094081,6.9405,0.61,0.9002,-0.22,106.59,-0.7
2019-08-03,10821.72656,15352685060,6.9405,0.0,0.9002,0.0,106.59,0.0
2019-08-04,10970.18457,16530894786,6.9405,0.0,0.9002,0.0,106.59,0.0
2019-08-05,11805.65332,23875988832,7.0508,1.59,0.8927,-0.83,105.95,-0.6
2019-08-06,11478.16895,23635107659,7.0264,-0.35,0.8929,0.02,106.48,0.5
2019-08-07,11941.96875,22194988641,7.0602,0.48,0.893,0.01,106.28,-0.19
2019-08-08,11966.407229999999,19481591729,7.0451,-0.21,0.8944,0.16,106.08,-0.19
2019-08-09,11862.936520000001,18339989959,7.0624,0.25,0.8929,-0.17,105.67,-0.39
2019-08-10,11354.02441,18125355447,7.0624,0.0,0.8929,0.0,105.67,0.0
2019-08-11,11523.5791,15774371517,7.0624,0.0,0.8929,0.0,105.67,0.0
2019-08-12,11382.61621,13647198229,7.0582,-0.06,0.8919,-0.11,105.31,-0.34
2019-08-13,10895.83008,16681503536,7.0435,-0.21,0.8952,0.37,106.75,1.37
2019-08-14,10051.7041,19990838299,7.0244,-0.27,0.8978,0.29,105.91,-0.79
2019-08-15,10311.5459,22899115082,7.034,0.14,0.9004,0.29,106.12,0.2
2019-08-16,10374.33887,20228207096,7.0428,0.13,0.9017,0.14,106.38,0.25
2019-08-17,10231.74414,13778035685,7.0428,0.0,0.9017,0.0,106.38,0.0
2019-08-18,10345.81055,12999813869,7.0428,0.0,0.9017,0.0,106.38,0.0
2019-08-19,10916.05371,16038264603,7.0507,0.11,0.9027,0.11,106.64,0.24
2019-08-20,10763.23242,15053082175,7.0605,0.14,0.9009,-0.2,106.23,-0.38
2019-08-21,10138.049809999999,19473084767,7.0632,0.04,0.9022,0.14,106.62,0.37
2019-08-22,10131.05566,17097508856,7.0836,0.29,0.9025,0.03,106.44,-0.17
2019-08-23,10407.96484,15627023886,7.096,0.18,0.8973,-0.58,105.41,-0.97
2019-08-24,10159.96094,15451030650,7.096,0.0,0.8973,0.0,105.41,0.0
2019-08-25,10138.51758,14153856609,7.096,0.0,0.8973,0.0,105.41,0.0
2019-08-26,10370.82031,18438654079,7.1513,0.78,0.9008,0.39,106.14,0.69
2019-08-27,10185.5,14762609502,7.1623,0.15,0.9016,0.09,105.73,-0.39
2019-08-28,9754.422852,17603790323,7.1653,0.04,0.9028,0.13,106.12,0.37
2019-08-29,9510.200195,17045878500,7.1445,-0.29,0.9044,0.18,106.52,0.38
2019-08-30,9598.173828,13595263986,7.1568,0.17,0.9099,0.61,106.31,-0.2
2019-08-31,9630.664063,11454806419,7.1568,0.0,0.9099,0.0,106.31,0.0
2019-09-01,9757.970703,11445355859,7.1568,0.0,0.9099,0.0,106.31,0.0
2019-09-02,10346.76074,17248102293,7.1719,0.21,0.9117,0.2,106.22,-0.08
2019-09-03,10623.54004,19384917988,7.1789,0.1,0.9113,-0.04,105.94,-0.26
2019-09-04,10594.49316,16742664768,7.146,-0.46,0.9062,-0.56,106.39,0.42
2019-09-05,10575.5332,14551239507,7.1485,0.03,0.9062,0.0,106.92,0.5
2019-09-06,10353.30273,19536574782,7.1157,-0.46,0.9067,0.06,106.92,0.0
2019-09-07,10517.25488,15307366476,7.1157,0.0,0.9067,0.0,106.92,0.0
2019-09-08,10441.27637,13670567492,7.1157,0.0,0.9067,0.0,106.92,0.0
2019-09-09,10334.97461,17595943367,7.122000000000001,0.09,0.9052,-0.17,107.25,0.31
2019-09-10,10115.97559,14906809639,7.1127,-0.13,0.9055,0.03,107.55,0.28
2019-09-11,10178.37207,15428063426,7.1167,0.06,0.9083,0.31,107.83,0.26
2019-09-12,10410.12695,15323563925,7.0793,-0.53,0.904,-0.47,108.11,0.26
2019-09-13,10360.54688,14109864674,7.0794,0.0,0.903,-0.11,108.08,-0.03
2019-09-14,10358.04883,13468713124,7.0794,0.0,0.903,0.0,108.08,0.0
2019-09-15,10347.71289,12043433567,7.0794,0.0,0.903,0.0,108.08,0.0
2019-09-16,10276.79395,15160167778,7.0674,-0.17,0.909,0.66,108.14,0.06
2019-09-17,10241.27246,15304603363,7.0918,0.35,0.9032,-0.64,108.14,0.0
2019-09-18,10198.24805,16169268880,7.086,-0.08,0.9066,0.38,108.45,0.29
2019-09-19,10266.41504,19937691247,7.0965,0.15,0.9057,-0.1,108.02,-0.4
2019-09-20,10181.6416,14734189639,7.0916,-0.07,0.9076,0.21,107.56,-0.43
2019-09-21,10019.7168,13425266806,7.0916,0.0,0.9076,0.0,107.56,0.0
2019-09-22,10070.39258,13199651698,7.0916,0.0,0.9076,0.0,107.56,0.0
2019-09-23,9729.324219,15144925408,7.1185,0.38,0.9096,0.22,107.56,0.0
2019-09-24,8620.566406,25002886688,7.1164,-0.03,0.9074,-0.24,107.06,-0.46
2019-09-25,8486.993164,21744728352,7.1318,0.22,0.9139,0.72,107.78,0.67
2019-09-26,8118.967773,19258205289,7.1326,0.01,0.9156,0.19,107.83,0.05
2019-09-27,8251.845703,16408941155,7.1227,-0.14,0.9142,-0.15,107.94,0.1
2019-09-28,8245.915039,14141152736,7.1227,0.0,0.9142,0.0,107.94,0.0
2019-09-29,8104.185547,13034629108,7.1227,0.0,0.9142,0.0,107.94,0.0
2019-09-30,8293.868164,17115474183,7.1483,0.36,0.9174,0.35,108.08,0.13
2019-10-01,8343.276367,15305343412,7.1483,0.0,0.9147,-0.29,107.75,-0.31
2019-10-02,8393.041992,13125712442,7.1483,0.0,0.9125,-0.24,107.18,-0.53
2019-10-03,8259.992188,13668823409,7.1483,0.0,0.9119,-0.07,106.92,-0.24
2019-10-04,8205.939453,13139456229,7.1483,0.0,0.9109,-0.11,106.94,0.02
2019-10-05,8151.500488,12200497197,7.1483,0.0,0.9109,0.0,106.94,0.0
2019-10-06,7988.155762,13160830305,7.1483,0.0,0.9109,0.0,106.94,0.0
2019-10-07,8245.623047,18009742607,7.1483,0.0,0.9115,0.07,107.3,0.34
2019-10-08,8228.783203,15592264032,7.1444,-0.05,0.9127,0.13,107.08,-0.21
2019-10-09,8595.740234,19384942333,7.1324,-0.17,0.9115,-0.13,107.47,0.36
2019-10-10,8586.473633,17618660671,7.1162,-0.23,0.9086,-0.32,107.97,0.47
2019-10-11,8321.756836,19604381101,7.087999999999999,-0.4,0.9056,-0.33,108.42,0.42
2019-10-12,8336.555664,14532641604,7.087999999999999,0.0,0.9056,0.0,108.42,0.0
2019-10-13,8321.005859,13808286058,7.087999999999999,0.0,0.9056,0.0,108.42,0.0
2019-10-14,8374.686523,15151387859,7.0675,-0.29,0.9067,0.12,108.39,-0.03
2019-10-15,8205.369141,15220412631,7.0818,0.2,0.9063,-0.04,108.86,0.43
2019-10-16,8047.526855,16071646995,7.0935,0.17,0.9032,-0.34,108.77,-0.08
2019-10-17,8103.911133,14313052244,7.0774,-0.23,0.899,-0.47,108.67,-0.09
2019-10-18,7973.20752,15651592610,7.0817,0.06,0.8952,-0.42,108.43,-0.22
2019-10-19,7988.560547,13797825640,7.0817,0.0,0.8952,0.0,108.43,0.0
2019-10-20,8222.078125,15504249442,7.0817,0.0,0.8952,0.0,108.43,0.0
2019-10-21,8243.720703,15868748865,7.0762,-0.08,0.897,0.2,108.61,0.17
2019-10-22,8078.203125,16803377856,7.0769,0.01,0.8989,0.21,108.48,-0.12
2019-10-23,7514.671875,21942878957,7.0656,-0.16,0.8984,-0.06,108.69,0.19
2019-10-24,7493.48877,16268708848,7.069,0.05,0.9005,0.23,108.61,-0.07
2019-10-25,8660.700195,28705065488,7.0653,-0.05,0.9025,0.22,108.66,0.05
2019-10-26,9244.972656,44496255608,7.0653,0.0,0.9025,0.0,108.66,0.0
2019-10-27,9551.714844,32593129500,7.0653,0.0,0.9025,0.0,108.66,0.0
2019-10-28,9256.148438,30948255331,7.0678,0.04,0.9009,-0.18,108.95,0.27
2019-10-29,9427.6875,28426779937,7.0658,-0.03,0.9,-0.1,108.89,-0.06
2019-10-30,9205.726563,27706531577,7.0553,-0.15,0.8969,-0.34,108.84,-0.05
2019-10-31,9199.584961,26583653946,7.0395,-0.22,0.8967,-0.02,108.03,-0.74
2019-11-01,9261.104492,24324691031,7.0375,-0.03,0.8955,-0.13,108.19,0.15
2019-11-02,9324.717773,21242676385,7.0375,0.0,0.8955,0.0,108.19,0.0
2019-11-03,9235.354492,21132220847,7.0375,0.0,0.8955,0.0,108.19,0.0
2019-11-04,9412.612305,26170255634,7.0304,-0.1,0.8986,0.35,108.58,0.36
2019-11-05,9342.527344,26198609047,7.0097,-0.29,0.903,0.49,109.16,0.53
2019-11-06,9360.879883,23133895764,6.9981,-0.17,0.9038,0.09,108.97,-0.17
2019-11-07,9267.561523,22700383838,6.9784,-0.28,0.905,0.13,109.28,0.28
2019-11-08,8804.880859,24333037836,6.9961,0.25,0.9074,0.27,109.28,0.0
2019-11-09,8813.582031,17578630605,6.9961,0.0,0.9074,0.0,109.28,0.0
2019-11-10,9055.526367,20587919881,6.9961,0.0,0.9074,0.0,109.28,0.0
2019-11-11,8757.788086,20265510765,7.0106,0.21,0.9064,-0.11,109.06,-0.2
2019-11-12,8815.662109,20309769107,7.0079,-0.04,0.9083,0.21,109.02,-0.04
2019-11-13,8808.262695,17545755404,7.0235,0.22,0.9085,0.02,108.83,-0.17
2019-11-14,8708.094727,19084739974,7.0208,-0.04,0.9072,-0.14,108.41,-0.39
2019-11-15,8491.992188,21796856471,7.0083,-0.18,0.9048,-0.26,108.75,0.31
2019-11-16,8550.760742,16495389808,7.0083,0.0,0.9048,0.0,108.75,0.0
2019-11-17,8577.975586,18668638896,7.0083,0.0,0.9048,0.0,108.75,0.0
2019-11-18,8309.286133,21579470673,7.026,0.25,0.9032,-0.18,108.67,-0.07
2019-11-19,8206.145508,21083613815,7.0276,0.02,0.9026,-0.07,108.55,-0.11
2019-11-20,8027.268066,20764300436,7.0359,0.12,0.9031,0.06,108.61,0.06
2019-11-21,7642.75,22514243371,7.0293,-0.09,0.9043,0.13,108.64,0.03
2019-11-22,7296.577637,34242315784,7.04,0.15,0.9071,0.31,108.66,0.02
2019-11-23,7397.796875,21008924417,7.04,0.0,0.9071,0.0,108.66,0.0
2019-11-24,7047.916992,30433517289,7.04,0.0,0.9071,0.0,108.66,0.0
2019-11-25,7146.133789,42685231261,7.0363,-0.05,0.9079999999999999,0.1,108.92,0.24
2019-11-26,7218.371094,21129505542,7.0335,-0.04,0.9074,-0.07,109.05,0.12
2019-11-27,7531.663573999999,23991412764,7.029,-0.06,0.9092,0.2,109.56,0.47
2019-11-28,7463.105956999999,19050116751,7.0354,0.09,0.9083,-0.1,109.52,-0.04
2019-11-29,7761.243651999999,19709695455,7.0324,-0.04,0.9077,-0.07,109.52,0.0
2019-11-30,7569.629883,17158194786,7.0324,0.0,0.9077,0.0,109.52,0.0
2019-12-01,7424.29248,18720708479,7.0324,0.0,0.9077,0.0,109.52,0.0
2019-12-02,7321.988281,17082040705,7.0393,0.1,0.9026,-0.56,109.0,-0.47
2019-12-03,7320.145508,14797485769,7.0613,0.31,0.9022,-0.04,108.64,-0.33
2019-12-04,7252.034668000001,21664240918,7.0499,-0.16,0.9027,0.06,108.86,0.2
2019-12-05,7448.307617,18816085231,7.0448,-0.07,0.9005,-0.24,108.76,-0.09
2019-12-06,7546.996581999999,18104466306,7.035,-0.14,0.9042,0.41,108.61,-0.14
2019-12-07,7556.237793000001,15453520564,7.035,0.0,0.9042,0.0,108.61,0.0
2019-12-08,7564.345215,15409908086,7.035,0.0,0.9042,0.0,108.61,0.0
2019-12-09,7400.899414,17872021272,7.0393,0.06,0.9039,-0.03,108.56,-0.05
2019-12-10,7278.119629000001,18249031194,7.0342,-0.07,0.9015,-0.27,108.71,0.14
2019-12-11,7217.427245999999,16350490689,7.0388,0.07,0.8984,-0.34,108.56,-0.14
2019-12-12,7243.134276999999,18927080224,6.9849,-0.77,0.8984,0.0,109.31,0.69
2019-12-13,7269.68457,17125736940,6.9895,0.07,0.8992,0.09,109.38,0.06
2019-12-14,7124.673828,17137029729,6.9895,0.0,0.8992,0.0,109.38,0.0
2019-12-15,7152.301758,16881129804,6.9895,0.0,0.8992,0.0,109.38,0.0
2019-12-16,6932.480469,20213265949,6.9935,0.06,0.8973,-0.21,109.5,0.11
2019-12-17,6640.515136999999,22363804217,6.9972,0.05,0.8969,-0.04,109.48,-0.02
2019-12-18,7276.802734000001,31836522778,7.005,0.11,0.8999,0.33,109.53,0.05
2019-12-19,7202.844238,25904604415,7.0104,0.08,0.8992,-0.08,109.38,-0.14
2019-12-20,7218.816406,22633815180,7.0068,-0.05,0.9026,0.38,109.44,0.05
2019-12-21,7191.158691,19312552168,7.0068,0.0,0.9026,0.0,109.44,0.0
2019-12-22,7511.588867,23134537956,7.0068,0.0,0.9026,0.0,109.44,0.0
2019-12-23,7355.628418000001,27831788041,7.0127,0.08,0.9019,-0.08,109.39,-0.05
2019-12-24,7322.532227,22991622105,7.0075,-0.07,0.9019,0.0,109.39,0.0
2019-12-25,7275.155762,21559505148,6.9894,-0.26,0.9016,-0.03,109.36,-0.03
2019-12-26,7238.966797,22787010034,6.9965,0.1,0.9011,-0.06,109.64,0.26
2019-12-27,7290.088379000001,22777360995,6.9958,-0.01,0.8948,-0.7,109.42,-0.2
2019-12-28,7317.990234000001,21365673026,6.9958,0.0,0.8948,0.0,109.42,0.0
2019-12-29,7422.652831999999,22445257701,6.9958,0.0,0.8948,0.0,109.42,0.0
2019-12-30,7292.995117,22874131671,6.9867,-0.13,0.893,-0.2,108.88,-0.49
2019-12-31,7193.599120999999,21167946112,6.9632,-0.34,0.8919,-0.12,108.62,-0.24
2020-01-01,7200.174316,18565664996,6.9632,0.0,0.8919,0.0,108.7,0.07
2020-01-02,6985.470215,20802083465,6.9643,0.02,0.895,0.35,108.58,-0.11
2020-01-03,7344.884276999999,28111481031,6.9655,0.02,0.8959,0.1,108.09,-0.45
2020-01-04,7410.656738,18444271274,6.9655,0.0,0.8959,0.0,108.09,0.0
2020-01-05,7411.317383,19725074094,6.9655,0.0,0.8959,0.0,108.09,0.0
2020-01-06,7769.219238,23276261598,6.976,0.15,0.893,-0.32,108.38,0.27
2020-01-07,8163.692383,28767291326,6.9452,-0.44,0.8965,0.39,108.44,0.06
2020-01-08,8079.862793000001,31672559264,6.9462,0.01,0.9004,0.44,109.14,0.65
2020-01-09,7879.071289,24045990465,6.9318,-0.21,0.9004,0.0,109.52,0.35
2020-01-10,8166.554198999999,28714583843,6.9192,-0.18,0.8992,-0.13,109.47,-0.05
2020-01-11,8037.537598000001,25521165085,6.9192,0.0,0.8992,0.0,109.47,0.0
2020-01-12,8192.494141,22903438381,6.9192,0.0,0.8996,0.04,109.56,0.08
2020-01-13,8126.011719,22030272512,6.8938,-0.37,0.8977,-0.21,109.9,0.32
